seed,lookahead_neighbors_score,lookahead_lsw_total,cycle_aware_neighbors_score,cycle_aware_lsw_total,bots_only_score,bots_only_lsw,lookahead_neighbors_delta_vs_absent,lookahead_lsw_delta_vs_absent,cycle_aware_neighbors_delta_vs_absent,cycle_aware_lsw_delta_vs_absent
20001,38.1467,-211.321451,39.567,-212.597604,59.2466,-76.88085099999999,-21.099899999999998,-134.44060000000002,-19.6796,-135.71675299999998
20002,36.048500000000004,-206.185193,37.1357,-195.062761,60.6209,-80.62908399999996,-24.572399999999995,-125.55610900000003,-23.4852,-114.43367700000003
20003,36.1199,-215.646504,36.5021,-214.366594,57.5817,-75.83693899999996,-21.461799999999997,-139.80956500000002,-21.0796,-138.52965500000005
20004,37.6945,-197.591167,38.2389,-195.22878,61.5241,-64.427528,-23.8296,-133.16363900000002,-23.285199999999996,-130.801252
20005,38.6091,-179.888383,38.3876,-179.949327,63.7826,-66.02215000000002,-25.173500000000004,-113.86623299999998,-25.395000000000003,-113.92717699999999
20006,36.634299999999996,-191.838002,36.0499,-196.870128,61.4139,-73.07528300000001,-24.779600000000002,-118.76271899999998,-25.363999999999997,-123.79484499999998
20007,39.4858,-212.532782,39.5403,-213.761241,56.8923,-86.28701399999999,-17.4065,-126.24576800000001,-17.351999999999997,-127.47422700000003
20008,38.1649,-206.012902,37.9964,-206.924465,60.2183,-71.90848,-22.053399999999996,-134.104422,-22.221899999999998,-135.015985
20009,37.8204,-199.84538,38.5389,-203.572437,59.754400000000004,-71.368373,-21.934000000000005,-128.47700700000001,-21.215500000000006,-132.20406400000002
20010,39.876599999999996,-207.277013,38.8358,-207.923591,61.111900000000006,-74.68806700000003,-21.23530000000001,-132.58894599999996,-22.276100000000007,-133.23552399999994
20011,32.7774,-235.562611,33.1994,-219.51487600000002,59.9315,-64.78044900000003,-27.1541,-170.78216199999997,-26.732100000000003,-154.73442699999998
20012,40.021100000000004,-206.136695,39.39,-201.50825700000001,60.4915,-80.343033,-20.470399999999998,-125.793662,-21.1015,-121.16522400000001
20013,37.1563,-193.407709,38.698,-185.644529,59.599999999999994,-78.62983899999999,-22.443699999999993,-114.77787000000002,-20.901999999999994,-107.01469000000002
20014,38.043,-212.956053,37.7846,-212.240111,57.82639999999999,-82.07867700000001,-19.783399999999993,-130.87737599999997,-20.041799999999995,-130.16143399999999
20015,39.2174,-213.648126,38.934799999999996,-218.15998,59.0851,-77.404206,-19.8677,-136.24392,-20.1503,-140.75577399999997
20016,40.2284,-181.381103,39.7185,-184.194415,61.9457,-71.351393,-21.7173,-110.02971,-22.227200000000003,-112.84302199999999
20017,36.5854,-217.530091,37.389,-208.094075,61.5774,-72.12785200000002,-24.991999999999997,-145.40223899999998,-24.188399999999994,-135.96622299999999
20018,38.359,-207.088638,37.969300000000004,-207.556459,59.9961,-79.94895100000001,-21.637099999999997,-127.139687,-22.026799999999994,-127.60750799999998
20019,37.0951,-198.870617,36.9312,-202.991889,59.2027,-76.79406300000001,-22.107599999999998,-122.076554,-22.271500000000003,-126.19782599999998
20020,37.1747,-186.273165,38.503299999999996,-179.965641,63.6693,-60.787364999999994,-26.4946,-125.48580000000001,-25.166000000000004,-119.17827600000001
20021,39.611000000000004,-192.344232,37.5355,-184.73933,59.5958,-89.44068099999998,-19.984799999999993,-102.90355100000002,-22.060299999999998,-95.29864900000001
20022,40.910799999999995,-170.845303,39.8555,-180.226906,62.027,-62.500896999999995,-21.116200000000006,-108.344406,-22.1715,-117.72600900000002
20023,39.519,-183.470406,41.3575,-169.834485,59.877700000000004,-69.206513,-20.358700000000006,-114.263893,-18.520200000000003,-100.627972
20024,37.1858,-183.497447,35.981,-192.142145,59.477199999999996,-81.630109,-22.291399999999996,-101.86733799999999,-23.496199999999995,-110.512036
20025,36.0079,-200.415527,39.4241,-198.220236,57.7607,-84.15536999999999,-21.7528,-116.260157,-18.336599999999997,-114.06486600000001
20026,35.0354,-204.30604399999999,34.8991,-201.646047,57.8715,-76.64226500000001,-22.836099999999995,-127.66377899999998,-22.9724,-125.003782
20027,40.5393,-195.878985,37.2703,-206.386348,60.3991,-68.86272399999999,-19.8598,-127.01626100000001,-23.1288,-137.523624
20028,39.833600000000004,-188.768157,39.5241,-188.978165,60.9631,-67.810847,-21.129499999999993,-120.95731,-21.439,-121.167318
20029,42.0976,-185.744418,42.2498,-182.022075,61.7863,-78.50702499999998,-19.688699999999997,-107.23739300000001,-19.536499999999997,-103.51505000000002
20030,39.6162,-182.864133,40.0018,-181.798998,57.6587,-84.959102,-18.042500000000004,-97.90503100000001,-17.6569,-96.83989600000001
20031,39.307199999999995,-206.42364700000002,39.0516,-210.883756,61.2599,-67.21162900000002,-21.952700000000007,-139.212018,-22.2083,-143.672127
20032,37.193200000000004,-217.90153,37.18,-223.052317,60.2159,-72.58318600000001,-23.022699999999993,-145.318344,-23.035899999999998,-150.46913099999998
20033,42.0601,-194.213752,36.9077,-210.605333,59.6231,-69.44671899999999,-17.563000000000002,-124.76703300000001,-22.715400000000002,-141.158614
20034,39.0888,-190.219661,39.1977,-188.001179,62.2785,-67.28170300000001,-23.189700000000002,-122.937958,-23.080800000000004,-120.719476
20035,38.3969,-179.505445,37.5274,-190.411863,61.0182,-76.06871299999999,-22.621299999999998,-103.43673200000002,-23.4908,-114.34315000000002
20036,37.2948,-203.698036,35.8061,-209.450792,59.440799999999996,-88.89714799999996,-22.145999999999994,-114.80088800000004,-23.634699999999995,-120.55364400000005
20037,38.7725,-205.414983,37.213,-208.516538,59.6142,-85.00453999999999,-20.841699999999996,-120.41044300000001,-22.401199999999996,-123.511998
20038,39.748,-211.703255,38.8896,-212.409726,59.5313,-68.68110900000002,-19.783300000000004,-143.022146,-20.6417,-143.72861699999999
20039,37.1373,-221.832369,37.3587,-216.526957,60.021,-70.699802,-22.883699999999997,-151.132567,-22.662300000000002,-145.827155
20040,37.78,-222.130024,38.048,-218.277592,59.6912,-84.60769199999999,-21.9112,-137.522332,-21.6432,-133.6699
20041,38.8493,-186.595149,38.792,-187.303349,59.8018,-87.17156499999999,-20.9525,-99.423584,-21.0098,-100.13178400000001
20042,39.5529,-164.294092,41.2219,-160.585052,60.3495,-89.780684,-20.796599999999998,-74.51340800000001,-19.1276,-70.804368
20043,36.0343,-212.159823,36.7256,-206.122233,59.5931,-74.60325999999996,-23.558799999999998,-137.55656300000004,-22.8675,-131.51897300000002
20044,39.1582,-197.115282,39.6835,-199.973988,59.13550000000001,-66.93612700000001,-19.977300000000007,-130.17915499999998,-19.452000000000005,-133.03786099999996
20045,36.2353,-212.401227,34.8057,-214.845626,56.855199999999996,-85.47582399999999,-20.619899999999994,-126.92540300000002,-22.049499999999995,-129.36980200000002
20046,36.8595,-215.651993,36.4598,-215.095697,59.7786,-69.81607100000001,-22.9191,-145.83592199999998,-23.318799999999996,-145.279626
20047,39.1577,-184.993761,38.1571,-181.627758,61.679,-66.65766899999998,-22.521300000000004,-118.33609200000002,-23.521900000000002,-114.97008900000002
20048,38.3043,-213.199746,37.613,-211.722707,59.7736,-75.47052299999999,-21.469300000000004,-137.72922300000002,-22.160600000000002,-136.25218400000003
20049,39.363299999999995,-216.546409,40.2941,-209.352552,58.0828,-90.697221,-18.719500000000004,-125.84918800000001,-17.7887,-118.655331
20050,38.0573,-207.306583,38.9006,-204.596265,59.7744,-76.412049,-21.717100000000002,-130.894534,-20.873800000000003,-128.184216
20051,37.8929,-183.063796,39.7715,-178.807402,60.6032,-66.951255,-22.710300000000004,-116.112541,-20.831699999999998,-111.85614699999999
20052,39.4504,-202.65349,38.4371,-204.588699,60.7662,-69.40364699999996,-21.315799999999996,-133.24984300000006,-22.329099999999997,-135.18505200000004
20053,39.637,-204.751991,39.8355,-202.976644,61.5809,-69.35544600000001,-21.9439,-135.396545,-21.745399999999997,-133.621198
20054,35.0396,-199.474856,36.4876,-187.632535,60.1288,-72.84434800000001,-25.089199999999998,-126.63050799999998,-23.641199999999998,-114.78818699999998
20055,36.2059,-197.95693,35.6668,-193.704621,60.6049,-74.145652,-24.399,-123.811278,-24.9381,-119.558969
20056,34.2847,-207.81173,32.998,-209.426745,60.7323,-71.42366500000001,-26.4476,-136.38806499999998,-27.734300000000005,-138.00308
20057,40.4414,-196.018675,40.1361,-194.771392,60.251,-74.71601499999998,-19.809599999999996,-121.30266000000002,-20.1149,-120.05537700000001
20058,40.8511,-185.563599,39.4834,-189.327882,60.8754,-66.31841299999999,-20.024299999999997,-119.24518600000002,-21.391999999999996,-123.009469
20059,38.1579,-179.025752,39.4012,-170.449423,60.759100000000004,-63.24306999999998,-22.601200000000006,-115.78268200000002,-21.3579,-107.20635300000001
20060,39.8247,-173.46865400000002,38.637699999999995,-180.674601,60.399100000000004,-68.062455,-20.574400000000004,-105.40619900000002,-21.76140000000001,-112.612146
20061,39.5156,-181.781918,36.7622,-188.195964,65.3528,-49.82542799999999,-25.837200000000003,-131.95649,-28.590600000000002,-138.37053600000002
20062,39.3488,-205.652804,37.6765,-203.54606,59.0737,-76.42524899999998,-19.724900000000005,-129.22755500000002,-21.397200000000005,-127.12081100000003
20063,35.945,-174.351539,35.6911,-175.931106,63.009,-64.07773399999998,-27.064,-110.27380500000002,-27.3179,-111.85337200000002
20064,39.5578,-213.851601,40.216300000000004,-205.93696500000001,61.889700000000005,-67.56619000000002,-22.331900000000005,-146.28541099999995,-21.6734,-138.37077499999998
20065,39.494,-200.701181,39.798,-197.873397,60.6558,-70.753409,-21.1618,-129.947772,-20.857799999999997,-127.119988
20066,38.0089,-189.731502,37.9963,-186.491143,60.8078,-77.54944600000002,-22.798900000000003,-112.18205599999999,-22.811500000000002,-108.94169699999998
20067,37.5877,-193.477707,37.396100000000004,-194.840399,61.174400000000006,-75.897233,-23.586700000000008,-117.58047400000001,-23.7783,-118.94316599999999
20068,41.5132,-195.318156,40.4809,-196.596034,59.3975,-67.269545,-17.884300000000003,-128.048611,-18.916600000000003,-129.326489
20069,38.119299999999996,-175.721855,39.4499,-176.198161,60.3267,-75.422627,-22.207400000000007,-100.299228,-20.876800000000003,-100.775534
20070,36.986000000000004,-220.18726,37.1609,-217.163748,60.68,-70.72257600000002,-23.693999999999996,-149.46468399999998,-23.5191,-146.441172
20071,38.7279,-216.613578,34.6976,-229.557608,60.7586,-70.99638999999999,-22.030700000000003,-145.617188,-26.061,-158.561218
20072,36.7863,-183.513557,36.2973,-197.264649,60.4915,-82.10597100000001,-23.705200000000005,-101.40758599999998,-24.194200000000002,-115.15867799999998
20073,39.5984,-181.571066,39.3754,-186.918467,61.3662,-73.826799,-21.7678,-107.74426700000001,-21.9908,-113.091668
20074,36.2012,-201.23234,39.2205,-178.742427,56.191900000000004,-92.525201,-19.990700000000004,-108.707139,-16.971400000000003,-86.217226
20075,37.162,-184.991559,36.0199,-189.468577,60.7014,-73.93373499999998,-23.5394,-111.05782400000001,-24.6815,-115.53484200000003
20076,37.9296,-205.956801,38.2421,-201.724872,58.682900000000004,-83.32032399999999,-20.753300000000003,-122.63647700000003,-20.440800000000003,-118.40454800000002
20077,39.4867,-190.181027,34.6577,-204.854448,60.247,-69.36175600000003,-20.7603,-120.81927099999997,-25.5893,-135.49269199999998
20078,39.053399999999996,-185.117803,38.6886,-188.235279,58.3372,-82.24513499999999,-19.283800000000006,-102.87266800000002,-19.648600000000002,-105.990144
20079,36.7877,-197.692327,35.4787,-201.95609100000001,60.457499999999996,-71.36855299999999,-23.669799999999995,-126.32377400000001,-24.978799999999993,-130.58753800000002
20080,40.580799999999996,-186.29324,35.6744,-203.880551,62.304500000000004,-64.12465200000001,-21.723700000000008,-122.16858799999999,-26.630100000000006,-139.755899
20081,38.193,-186.611742,37.7356,-187.896682,59.8535,-69.13722599999998,-21.6605,-117.47451600000001,-22.1179,-118.75945600000001
20082,36.322500000000005,-212.44461,37.8186,-211.571991,59.7535,-71.699521,-23.430999999999997,-140.745089,-21.9349,-139.87247
20083,37.8024,-196.35516,38.7209,-196.26231,61.6678,-66.34836100000001,-23.8654,-130.006799,-22.9469,-129.913949
20084,36.728,-188.667044,36.7922,-182.596534,60.658699999999996,-63.601712,-23.930699999999995,-125.06533200000001,-23.866499999999995,-118.994822
20085,40.480599999999995,-171.041219,39.6221,-176.294383,63.0403,-65.00041300000001,-22.559700000000007,-106.040806,-23.4182,-111.29397
20086,35.3785,-212.898771,35.5278,-200.18069500000001,52.3166,-102.343967,-16.9381,-110.554804,-16.788800000000002,-97.83672800000001
20087,38.569900000000004,-207.86489,38.7268,-211.848586,60.9356,-66.25759,-22.365699999999997,-141.6073,-22.208800000000004,-145.59099600000002
20088,35.911,-181.256074,35.9717,-183.334282,63.380799999999994,-64.75127400000001,-27.469799999999992,-116.5048,-27.409099999999995,-118.58300799999999
20089,38.2675,-212.113287,36.980399999999996,-199.605986,56.927,-94.80990799999998,-18.6595,-117.30337900000004,-19.946600000000004,-104.79607800000002
20090,38.1891,-204.23760000000001,37.275999999999996,-215.800818,58.971900000000005,-70.59113199999999,-20.7828,-133.64646800000003,-21.69590000000001,-145.209686
20091,37.3022,-184.370448,37.1028,-188.129122,61.589,-79.083084,-24.2868,-105.28736400000001,-24.486199999999997,-109.046038
20092,40.8311,-192.312005,39.901,-203.457053,60.4567,-70.795343,-19.6256,-121.516662,-20.555699999999995,-132.66171
20093,38.8649,-203.463988,38.5519,-211.934971,56.960499999999996,-80.88750000000002,-18.095599999999997,-122.57648799999998,-18.408599999999993,-131.04747099999997
20094,37.063500000000005,-179.610301,37.1468,-183.963192,61.025,-65.465334,-23.961499999999994,-114.144967,-23.8782,-118.497858
20095,36.3678,-213.639355,36.3018,-221.610403,59.0045,-80.62694400000001,-22.636699999999998,-133.012411,-22.7027,-140.98345899999998
20096,37.6515,-190.918517,38.0429,-190.765909,59.2839,-65.447104,-21.632400000000004,-125.47141300000001,-21.241,-125.318805
20097,40.1411,-167.594787,40.3668,-167.550249,62.179199999999994,-74.80894099999999,-22.038099999999993,-92.785846,-21.812399999999997,-92.74130800000002
20098,38.0218,-187.296994,37.1219,-196.248557,59.6358,-64.215437,-21.614000000000004,-123.08155700000002,-22.513900000000007,-132.03312
20099,37.4327,-228.189666,40.6636,-214.073127,57.8665,-87.690716,-20.433800000000005,-140.49894999999998,-17.2029,-126.382411
20100,33.7918,-230.758793,35.1755,-220.381595,58.481300000000005,-75.52812100000004,-24.689500000000002,-155.23067199999997,-23.305800000000005,-144.85347399999995
20101,37.2567,-219.387134,38.7894,-199.858023,58.2125,-70.569047,-20.955799999999996,-148.818087,-19.423099999999998,-129.288976
20102,39.3886,-214.067613,39.4272,-205.188042,55.3712,-85.46003899999997,-15.982600000000005,-128.60757400000003,-15.944000000000003,-119.72800300000003
20103,39.0321,-229.951132,37.8124,-219.831669,60.6421,-74.29694100000002,-21.61,-155.65419099999997,-22.829700000000003,-145.53472799999997
20104,38.9604,-222.154319,38.5802,-224.318156,60.01989999999999,-75.413664,-21.059499999999993,-146.740655,-21.439699999999995,-148.904492
20105,36.8738,-178.686061,36.079,-185.215843,59.7134,-65.064462,-22.839599999999997,-113.62159899999999,-23.6344,-120.151381
20106,36.5982,-189.931866,36.6042,-189.427203,60.4216,-72.52375700000002,-23.8234,-117.408109,-23.8174,-116.90344599999997
20107,35.6027,-194.001138,35.471000000000004,-198.670463,61.3438,-64.53614500000002,-25.741100000000003,-129.464993,-25.872799999999998,-134.134318
20108,38.8253,-202.450733,38.9197,-209.429636,46.7978,-128.97882600000003,-7.972500000000004,-73.47190699999999,-7.878100000000003,-80.45080999999996
20109,36.4345,-195.9351,36.7328,-209.481751,59.3943,-71.87048000000001,-22.9598,-124.06461999999999,-22.661500000000004,-137.611271
20110,39.351,-204.646197,39.3398,-203.997106,60.0139,-85.523779,-20.6629,-119.122418,-20.674100000000003,-118.473327
20111,36.7101,-192.605307,39.2228,-185.713124,60.2539,-76.112927,-23.543800000000005,-116.49238000000001,-21.031100000000002,-109.600197
20112,35.706199999999995,-188.46013,34.6356,-201.36394,60.623599999999996,-81.47217199999999,-24.9174,-106.987958,-25.988,-119.89176800000003
20113,34.2841,-208.846805,34.2966,-208.80590899999999,58.6957,-76.80447599999998,-24.4116,-132.042329,-24.399100000000004,-132.00143300000002
20114,40.093,-200.488075,40.0463,-202.32081,60.4679,-69.92415000000001,-20.374899999999997,-130.56392499999998,-20.421599999999998,-132.39666
20115,38.6197,-174.390905,37.8422,-176.634712,59.696799999999996,-91.18770499999997,-21.077099999999994,-83.20320000000004,-21.854599999999998,-85.44700700000004
20116,40.8007,-210.389264,40.8325,-214.59172,59.731300000000005,-69.370476,-18.930600000000005,-141.018788,-18.8988,-145.221244
20117,40.7498,-205.861267,40.5565,-207.747365,60.7709,-73.47422,-20.021099999999997,-132.387047,-20.214399999999998,-134.273145
20118,38.3592,-186.489605,39.371700000000004,-189.190035,60.2565,-75.68779699999999,-21.8973,-110.80180800000002,-20.8848,-113.502238
20119,39.7286,-207.344199,39.8088,-212.178268,58.3535,-72.716154,-18.624899999999997,-134.628045,-18.5447,-139.46211399999999
20120,40.7382,-199.93434200000002,39.338,-208.173185,58.4512,-79.81162400000001,-17.713,-120.122718,-19.1132,-128.361561
20121,37.760000000000005,-192.920969,35.912400000000005,-191.75447,60.7967,-82.36318499999999,-23.036699999999996,-110.55778400000003,-24.884299999999996,-109.39128500000001
20122,35.838,-235.905255,36.4793,-239.600014,61.9182,-63.94652499999998,-26.080199999999998,-171.95873000000003,-25.438899999999997,-175.653489
20123,38.1853,-202.831026,38.2194,-202.935634,61.817400000000006,-70.47022299999996,-23.63210000000001,-132.36080300000003,-23.598000000000006,-132.46541100000002
20124,39.1284,-190.32517,39.2111,-182.586415,60.980199999999996,-70.95636999999998,-21.851799999999997,-119.36880000000004,-21.769099999999995,-111.63004500000001
20125,36.1702,-174.753733,36.1797,-175.199921,59.9157,-73.377237,-23.7455,-101.37649600000002,-23.736000000000004,-101.822684
20126,33.9016,-220.963966,36.9671,-203.600654,59.9873,-74.86127700000003,-26.085699999999996,-146.10268899999997,-23.020199999999996,-128.73937699999996
20127,38.3221,-186.330767,37.658500000000004,-188.820368,60.761300000000006,-69.550421,-22.439200000000007,-116.78034600000001,-23.102800000000002,-119.269947
20128,40.3059,-211.829867,40.6101,-204.546285,63.6804,-63.857189000000005,-23.374499999999998,-147.972678,-23.070299999999996,-140.689096
20129,37.29,-194.639961,36.7637,-184.177976,59.8433,-70.98992099999998,-22.5533,-123.65004000000002,-23.0796,-113.18805500000002
20130,39.3697,-171.778111,36.7033,-189.487202,58.860299999999995,-76.29325099999998,-19.490599999999993,-95.48486000000001,-22.156999999999996,-113.19395100000001
20131,35.409,-183.904717,36.0232,-176.224477,60.2697,-74.06166000000003,-24.8607,-109.84305699999997,-24.246499999999997,-102.16281699999998
20132,40.9273,-200.570221,40.9358,-190.69634,60.88549999999999,-69.67662200000001,-19.95819999999999,-130.893599,-19.949699999999993,-121.01971799999998
20133,39.1522,-207.219963,39.169200000000004,-212.21081900000001,60.9557,-74.750416,-21.8035,-132.469547,-21.786499999999997,-137.460403
20134,36.9775,-184.337765,36.8823,-181.437029,61.1191,-74.52616000000002,-24.141600000000004,-109.81160499999997,-24.236800000000002,-106.91086899999998
20135,36.355599999999995,-194.330434,36.5833,-196.894298,59.707499999999996,-68.42288600000002,-23.3519,-125.90754799999998,-23.124199999999995,-128.471412
20136,38.2064,-201.650729,38.541399999999996,-190.615811,58.7984,-92.845547,-20.592,-108.80518200000002,-20.257000000000005,-97.77026400000001
20137,35.504,-196.630401,36.2185,-201.428838,59.7311,-88.82788000000001,-24.2271,-107.802521,-23.5126,-112.600958
20138,36.7067,-217.955538,37.2142,-222.531898,56.5817,-84.48833200000003,-19.875,-133.46720599999998,-19.3675,-138.043566
20139,38.7412,-221.048494,36.7134,-231.613345,58.0189,-82.39545800000002,-19.277700000000003,-138.653036,-21.305500000000002,-149.217887
20140,39.584,-179.394743,39.6126,-186.424724,63.693799999999996,-65.74728300000001,-24.109799999999993,-113.64746,-24.081199999999995,-120.67744099999999
20141,37.0217,-179.863555,36.9796,-179.360677,60.192800000000005,-62.20099799999996,-23.171100000000003,-117.66255700000002,-23.213200000000008,-117.15967900000004
20142,39.5085,-219.758939,41.578199999999995,-203.907355,59.6703,-72.437336,-20.1618,-147.32160299999998,-18.092100000000002,-131.47001899999998
20143,37.5723,-195.648414,37.3349,-193.767001,62.585499999999996,-63.196213999999976,-25.013199999999998,-132.45220000000003,-25.2506,-130.57078700000002
20144,36.186,-192.742637,36.2138,-196.553041,61.3266,-71.04309800000001,-25.1406,-121.69953899999999,-25.1128,-125.50994299999999
20145,35.8557,-188.581732,35.2732,-190.635709,60.5116,-73.47271799999997,-24.655900000000003,-115.10901400000002,-25.2384,-117.16299100000002
20146,38.169399999999996,-194.296387,37.7497,-195.848291,56.921099999999996,-83.10359,-18.7517,-111.19279700000001,-19.1714,-112.74470099999999
20147,37.7707,-215.35883,37.4126,-218.99394,62.775800000000004,-68.183508,-25.005100000000006,-147.175322,-25.363200000000006,-150.810432
20148,34.825,-195.692495,35.259299999999996,-193.44931400000002,59.4202,-76.46142900000001,-24.5952,-119.231066,-24.160900000000005,-116.987885
20149,36.163199999999996,-203.059398,37.2253,-204.656039,58.630399999999995,-83.879674,-22.4672,-119.179724,-21.405099999999997,-120.776365
20150,37.2743,-213.310241,37.189099999999996,-215.634047,60.2008,-76.10832599999999,-22.926500000000004,-137.20191499999999,-23.011700000000005,-139.52572100000003
20151,39.178399999999996,-198.70983,38.0047,-202.777617,61.288399999999996,-72.98340999999999,-22.11,-125.72642000000002,-23.283699999999996,-129.794207
20152,31.648000000000003,-258.241397,31.4563,-252.623514,59.974199999999996,-76.664236,-28.326199999999993,-181.577161,-28.517899999999997,-175.95927799999998
20153,36.3501,-209.840313,37.486,-205.537098,59.522,-79.86555,-23.1719,-129.974763,-22.036,-125.67154799999999
20154,38.0368,-187.771225,38.637100000000004,-185.586515,60.8475,-64.555795,-22.810699999999997,-123.21542999999998,-22.210399999999993,-121.03071999999999
20155,38.6632,-179.216852,34.8144,-192.995498,60.4737,-79.07386799999998,-21.810499999999998,-100.14298400000001,-25.6593,-113.92163000000002
20156,38.3321,-188.248866,35.8825,-201.404181,55.7983,-85.05899699999996,-17.4662,-103.18986900000003,-19.915799999999997,-116.34518400000003
20157,37.7446,-206.79704999999998,36.913399999999996,-213.011497,58.6642,-73.91095200000001,-20.919600000000003,-132.88609799999998,-21.750800000000005,-139.10054499999998
20158,40.330799999999996,-168.549273,37.5805,-171.94851,48.222500000000004,-106.71572500000002,-7.891700000000007,-61.83354799999998,-10.642000000000003,-65.23278499999998
20159,37.8649,-183.009885,37.2556,-183.921986,60.478,-90.59405299999999,-22.613100000000003,-92.41583200000001,-23.2224,-93.32793300000002
20160,35.9353,-201.302708,36.2206,-191.764257,61.1039,-71.95779199999998,-25.168600000000005,-129.344916,-24.883300000000006,-119.806465
20161,41.3675,-164.043621,41.2757,-159.264654,62.754599999999996,-71.24850000000002,-21.387099999999997,-92.79512099999998,-21.478899999999996,-88.01615399999999
20162,38.481899999999996,-182.863251,37.8446,-190.146284,58.9836,-67.05037000000002,-20.501700000000007,-115.81288099999998,-21.139000000000003,-123.095914
20163,37.2597,-198.74078599999999,38.1802,-202.146949,62.1832,-81.07998700000002,-24.923499999999997,-117.66079899999997,-24.003,-121.06696199999999
20164,32.2813,-227.460899,32.948,-224.680314,58.891000000000005,-77.21484699999996,-26.609700000000004,-150.24605200000005,-25.943000000000005,-147.46546700000005
20165,39.516000000000005,-192.52321,39.5366,-191.713908,61.762100000000004,-75.145712,-22.2461,-117.377498,-22.225500000000004,-116.568196
20166,31.4522,-232.78744,30.7404,-238.777407,59.3527,-73.93992500000003,-27.900499999999997,-158.847515,-28.612299999999998,-164.83748199999997
20167,38.4225,-178.350328,38.280699999999996,-179.472472,62.7739,-65.287498,-24.351399999999998,-113.06282999999999,-24.4932,-114.18497400000001
20168,37.4332,-187.362345,37.9056,-187.69034,60.434,-65.370511,-23.000799999999998,-121.99183400000001,-22.528399999999998,-122.319829
20169,36.8574,-183.459895,36.6252,-188.356406,59.7367,-89.542604,-22.8793,-93.91729099999999,-23.1115,-98.813802
20170,36.1102,-198.03355200000001,35.7544,-201.820863,60.004,-78.63261600000001,-23.8938,-119.400936,-24.2496,-123.18824699999999
20171,36.4965,-191.284882,37.4259,-189.885793,58.31869999999999,-79.38275,-21.822199999999995,-111.90213200000001,-20.892799999999994,-110.503043
20172,38.051,-207.958693,38.6164,-205.212334,59.9841,-71.02441799999998,-21.933099999999996,-136.934275,-21.3677,-134.18791600000003
20173,39.0048,-187.216425,38.3581,-192.448773,58.703900000000004,-76.44006999999998,-19.6991,-110.77635500000001,-20.345800000000004,-116.00870300000001
20174,37.8609,-189.585119,39.205200000000005,-179.645263,58.5174,-71.53232899999999,-20.6565,-118.05279,-19.312199999999997,-108.11293400000001
20175,35.8743,-184.249194,36.234300000000005,-186.346635,61.5797,-69.529131,-25.705400000000004,-114.72006299999998,-25.345399999999998,-116.81750399999999
20176,37.5634,-200.022591,39.3334,-202.871912,59.357600000000005,-88.959793,-21.794200000000004,-111.062798,-20.024200000000008,-113.912119
20177,38.3996,-185.756008,37.9663,-182.381204,60.7393,-71.93333099999998,-22.3397,-113.82267700000003,-22.773000000000003,-110.44787300000002
20178,39.3898,-183.593847,38.0688,-184.561763,57.7518,-76.37384699999996,-18.362000000000002,-107.22000000000006,-19.683,-108.18791600000006
20179,39.9952,-194.334477,39.317499999999995,-188.609415,54.4386,-99.62545800000002,-14.443400000000004,-94.70901899999997,-15.121100000000006,-88.98395699999999
20180,37.3789,-186.375038,37.0251,-194.460503,59.7099,-61.98354,-22.330999999999996,-124.39149799999998,-22.684799999999996,-132.47696299999998
20181,39.556799999999996,-169.397077,39.6411,-176.53898900000002,61.0781,-65.95367700000003,-21.521300000000004,-103.44339999999997,-21.436999999999998,-110.58531199999999
20182,40.4912,-199.469016,41.0368,-192.029754,59.7671,-82.33121999999997,-19.2759,-117.13779600000004,-18.7303,-109.69853400000002
20183,36.6208,-182.816959,36.993700000000004,-182.255512,61.6844,-60.94750999999998,-25.063599999999994,-121.86944900000002,-24.690699999999993,-121.30800200000003
20184,39.048500000000004,-195.747389,39.2068,-207.861244,56.911,-96.96248899999999,-17.862499999999997,-98.78490000000001,-17.7042,-110.89875500000001
20185,40.1207,-194.04607,39.2309,-197.99707,63.1632,-68.341195,-23.042500000000004,-125.70487499999999,-23.932300000000005,-129.655875
20186,34.932,-215.161357,34.370400000000004,-213.783951,59.9653,-83.55927300000002,-25.033299999999997,-131.602084,-25.594899999999996,-130.22467799999998
20187,37.059200000000004,-222.874571,36.7369,-222.069819,59.98480000000001,-77.15404499999997,-22.925600000000003,-145.72052600000004,-23.24790000000001,-144.91577400000003
20188,37.3228,-195.863995,36.9721,-198.049755,60.5321,-67.483071,-23.2093,-128.380924,-23.560000000000002,-130.566684
20189,37.7775,-180.309699,37.143699999999995,-174.780477,60.042699999999996,-79.374807,-22.265199999999993,-100.93489199999999,-22.899,-95.40566999999999
20190,40.2442,-199.742679,40.3899,-196.724144,62.002700000000004,-69.71820799999999,-21.758500000000005,-130.024471,-21.612800000000007,-127.005936
20191,38.2644,-216.426491,38.2015,-216.313177,60.417699999999996,-64.840761,-22.153299999999994,-151.58573,-22.216199999999994,-151.472416
20192,37.5922,-180.869195,36.6569,-189.821494,61.1774,-63.516274999999986,-23.5852,-117.35292000000001,-24.5205,-126.30521900000002
20193,38.3014,-212.086929,37.104,-214.076548,62.4857,-65.22880500000001,-24.1843,-146.85812399999998,-25.381700000000002,-148.84774299999998
20194,38.3078,-201.617826,40.1804,-194.041618,59.4804,-73.09482899999999,-21.172600000000003,-128.52299700000003,-19.300000000000004,-120.94678900000001
20195,37.678399999999996,-194.451255,38.1646,-197.425633,61.1478,-65.323378,-23.4694,-129.127877,-22.983199999999997,-132.102255
20196,37.7207,-209.630086,37.3165,-209.17266,59.885,-83.903266,-22.164299999999997,-125.72682,-22.5685,-125.269394
20197,36.6375,-197.610229,37.411,-197.701866,57.086200000000005,-88.44613199999999,-20.448700000000002,-109.16409700000001,-19.675200000000004,-109.255734
20198,41.426,-200.545871,41.3022,-199.129353,61.499700000000004,-71.264966,-20.073700000000002,-129.28090500000002,-20.197500000000005,-127.86438700000001
20199,35.167699999999996,-201.524759,35.5945,-198.605872,58.4447,-89.82124900000001,-23.277,-111.70350999999998,-22.8502,-108.784623
20200,37.0292,-213.170313,37.0971,-212.739286,61.709900000000005,-64.56725400000002,-24.6807,-148.60305899999997,-24.612800000000007,-148.17203199999997
20201,35.0407,-214.32256999999998,35.455,-210.541112,58.6489,-74.95284999999998,-23.608199999999997,-139.36972,-23.1939,-135.58826200000001
20202,39.3463,-206.135155,39.3078,-202.005106,59.6243,-76.52601100000001,-20.278,-129.609144,-20.316499999999998,-125.479095
20203,40.0094,-183.445204,37.3937,-192.372802,59.8772,-69.663986,-19.867800000000003,-113.781218,-22.4835,-122.70881600000001
20204,34.5179,-236.853535,38.322900000000004,-217.864577,59.338800000000006,-81.767965,-24.82090000000001,-155.08557,-21.015900000000002,-136.096612
20205,37.1299,-195.590912,35.9839,-200.925749,58.8512,-72.94848000000005,-21.7213,-122.64243199999996,-22.8673,-127.97726899999995
20206,40.5138,-200.180283,40.2869,-200.160683,60.4288,-82.32947400000002,-19.915,-117.85080899999998,-20.1419,-117.83120899999999
20207,34.170100000000005,-233.370036,35.9131,-231.374355,58.864999999999995,-82.986875,-24.69489999999999,-150.383161,-22.951899999999995,-148.38748
20208,38.9944,-208.775034,39.4308,-209.830789,58.2946,-85.68225699999999,-19.300200000000004,-123.09277700000001,-18.863800000000005,-124.14853200000002
20209,33.0907,-224.949009,34.8605,-214.925942,59.46000000000001,-80.46901500000001,-26.36930000000001,-144.47999399999998,-24.599500000000006,-134.45692699999998
20210,38.1107,-179.67729,35.5049,-185.283267,62.0323,-67.40972999999997,-23.921599999999998,-112.26756000000003,-26.5274,-117.87353700000003
20211,38.7123,-202.866732,38.8942,-207.617622,59.3981,-71.55354799999999,-20.6858,-131.31318400000004,-20.5039,-136.064074
20212,38.2063,-197.233022,37.5541,-195.234595,61.0984,-66.03044999999999,-22.8921,-131.20257200000003,-23.5443,-129.20414500000004
20213,37.313,-186.602256,35.5725,-190.592222,59.150800000000004,-73.007031,-21.8378,-113.59522500000001,-23.578300000000006,-117.585191
20214,42.568200000000004,-180.753364,42.488299999999995,-186.125617,60.555,-62.192595000000004,-17.986799999999995,-118.560769,-18.066700000000004,-123.933022
20215,36.5839,-224.371848,36.213300000000004,-227.200698,60.982699999999994,-80.49369099999998,-24.398799999999994,-143.87815700000002,-24.76939999999999,-146.707007
20216,37.8643,-216.109037,36.9335,-211.304349,59.7221,-79.086912,-21.857799999999997,-137.02212500000002,-22.788599999999995,-132.21743700000002
20217,37.421,-183.471763,37.7393,-182.858089,60.1172,-68.38982999999999,-22.696199999999997,-115.08193300000002,-22.377899999999997,-114.46825900000002
20218,37.4372,-216.350478,36.9927,-223.818608,58.7755,-74.06493500000003,-21.338300000000004,-142.28554299999996,-21.7828,-149.753673
20219,40.605199999999996,-178.048867,38.530699999999996,-178.021577,60.819,-78.08616299999998,-20.213800000000006,-99.96270400000002,-22.288300000000007,-99.93541400000002
20220,39.348,-184.331326,38.6552,-186.865171,57.0769,-73.93699899999997,-17.728900000000003,-110.39432700000002,-18.4217,-112.92817200000003
20221,41.4927,-202.848303,41.5454,-195.461642,60.7145,-71.22466800000001,-19.2218,-131.62363499999998,-19.1691,-124.236974
20222,37.3294,-196.901613,36.1404,-196.13298,59.7743,-75.84945,-22.444899999999997,-121.052163,-23.633899999999997,-120.28353
20223,39.0698,-208.7697,38.293,-200.028651,59.0553,-79.60427600000001,-19.985500000000002,-129.16542399999997,-20.762300000000003,-120.42437499999998
20224,40.2475,-201.249271,39.6192,-206.409432,62.0458,-68.267788,-21.798299999999998,-132.981483,-22.4266,-138.141644
20225,36.4666,-180.691669,36.1132,-190.539135,58.413399999999996,-81.46384999999997,-21.946799999999996,-99.22781900000003,-22.300199999999997,-109.07528500000002
20226,38.8076,-195.71273,39.817,-192.687259,60.9446,-76.47319599999997,-22.137,-119.23953400000002,-21.1276,-116.21406300000004
20227,38.4818,-170.202721,38.2277,-176.512364,60.5118,-77.721348,-22.03,-92.48137299999999,-22.284100000000002,-98.79101599999998
20228,37.6578,-185.593478,37.5793,-185.003636,60.0941,-85.49033399999999,-22.436299999999996,-100.10314400000001,-22.514799999999994,-99.51330200000001
20229,34.431799999999996,-198.588444,37.0747,-186.749131,58.729,-86.469289,-24.297200000000004,-112.119155,-21.6543,-100.279842
20230,39.8,-201.041345,38.1536,-205.065225,62.7957,-71.59874499999998,-22.9957,-129.44260000000003,-24.6421,-133.46648000000002
20231,41.3525,-213.714409,40.5841,-217.002451,61.4825,-67.50139099999998,-20.130000000000003,-146.213018,-20.898400000000002,-149.50106000000002
20232,32.75,-224.536047,36.656,-206.814348,60.1063,-70.04061000000002,-27.356299999999997,-154.49543699999998,-23.4503,-136.77373799999998
20233,36.7912,-196.603574,36.865899999999996,-209.050945,59.4322,-73.11041,-22.641,-123.49316400000001,-22.566300000000005,-135.940535
20234,39.3302,-184.503211,39.615300000000005,-191.621199,62.8357,-67.62640799999997,-23.505500000000005,-116.87680300000002,-23.220399999999998,-123.99479100000002
20235,39.8119,-186.288801,38.4213,-187.648778,61.3417,-72.71714299999996,-21.5298,-113.57165800000004,-22.9204,-114.93163500000003
20236,36.6221,-233.658978,36.3166,-229.39399600000002,60.057,-80.02747900000004,-23.4349,-153.63149899999996,-23.7404,-149.366517
20237,36.9215,-194.326759,36.3597,-196.007122,47.706900000000005,-115.46998600000002,-10.785400000000003,-78.85677299999999,-11.347200000000008,-80.53713599999999
20238,39.704,-178.308398,39.887699999999995,-182.021556,60.990899999999996,-78.972813,-21.286899999999996,-99.33558500000001,-21.1032,-103.048743
20239,37.0225,-210.764735,37.9375,-207.569002,60.7765,-88.019494,-23.753999999999998,-122.74524100000001,-22.839,-119.54950800000002
20240,40.2427,-194.299805,38.152100000000004,-193.320664,61.5167,-68.21390000000001,-21.274,-126.08590499999998,-23.364599999999996,-125.10676399999998
20241,39.7583,-173.751267,38.975,-173.986527,60.6541,-68.91775999999999,-20.8958,-104.83350700000003,-21.6791,-105.06876700000001
20242,38.6297,-206.595029,39.4082,-202.496285,60.5661,-72.42426500000002,-21.9364,-134.170764,-21.157899999999998,-130.07201999999998
20243,38.2988,-216.130958,38.9178,-216.459833,59.666700000000006,-70.66753400000002,-21.367900000000006,-145.46342399999997,-20.748900000000006,-145.79229899999999
20244,38.8472,-190.149789,39.1937,-193.204968,60.459900000000005,-67.80075699999998,-21.612700000000004,-122.34903200000002,-21.266200000000005,-125.40421100000003
20245,39.321600000000004,-191.091466,38.5882,-197.23328,62.388999999999996,-75.04182500000002,-23.067399999999992,-116.04964099999998,-23.800799999999995,-122.19145499999999
20246,41.4371,-174.748392,40.8234,-181.03324,61.6515,-72.10179899999997,-20.214399999999998,-102.64659300000002,-20.8281,-108.93144100000004
20247,33.0304,-213.046368,37.98,-197.96187,59.1153,-77.99822199999998,-26.084899999999998,-135.04814600000003,-21.1353,-119.96364800000002
20248,40.714200000000005,-168.93002,39.1927,-180.235294,59.623,-81.195149,-18.908799999999992,-87.73487100000001,-20.430299999999995,-99.04014500000001
20249,40.3233,-186.220173,39.5045,-196.194615,62.3306,-67.218244,-22.007299999999994,-119.00192899999999,-22.826099999999997,-128.976371
20250,31.6831,-233.119737,32.5837,-239.300223,58.8549,-81.499509,-27.1718,-151.620228,-26.2712,-157.80071399999997
20251,38.376999999999995,-196.156942,39.624,-191.432435,52.056700000000006,-101.893188,-13.679700000000011,-94.26375399999999,-12.432700000000004,-89.539247
20252,37.7243,-207.836034,37.1395,-207.968801,57.61,-75.61927300000004,-19.8857,-132.21676099999996,-20.4705,-132.34952799999996
20253,37.658500000000004,-216.072664,39.18,-204.675728,60.6326,-72.22588300000001,-22.974099999999993,-143.846781,-21.452599999999997,-132.44984499999998
20254,41.3776,-168.980606,40.8313,-174.490815,62.0127,-70.80461200000002,-20.6351,-98.17599399999997,-21.181400000000004,-103.68620299999998
20255,36.4126,-210.736944,36.3589,-210.155617,60.955600000000004,-72.89453799999998,-24.543000000000006,-137.842406,-24.596700000000006,-137.26107900000002
20256,37.1886,-189.897095,37.4886,-190.027805,59.7462,-82.73229599999999,-22.5576,-107.16479900000002,-22.257600000000004,-107.29550900000001
20257,36.1081,-186.496128,34.9434,-198.607752,60.301,-71.68738900000001,-24.1929,-114.80873899999999,-25.357600000000005,-126.920363
20258,38.7245,-183.490075,36.6887,-192.957834,61.2318,-72.22598599999998,-22.5073,-111.26408900000001,-24.543100000000003,-120.73184800000001
20259,38.8084,-190.78975499999999,38.3757,-190.85545,49.7619,-114.276412,-10.953499999999998,-76.51334299999999,-11.386199999999995,-76.579038
20260,41.3167,-205.128814,40.449,-209.016774,63.2789,-76.24015800000002,-21.962200000000003,-128.88865599999997,-22.829900000000002,-132.776616
20261,38.002,-180.99388,37.6743,-182.088272,59.6088,-67.04399599999999,-21.6068,-113.949884,-21.9345,-115.044276
20262,38.0856,-213.469845,37.437799999999996,-223.523652,58.8656,-69.95819999999999,-20.78,-143.511645,-21.427800000000005,-153.565452
20263,36.4269,-184.003211,36.969899999999996,-184.560512,59.2989,-73.74890499999998,-22.872,-110.25430600000001,-22.329000000000008,-110.81160700000001
20264,40.1329,-203.36041600000001,40.1416,-200.827042,64.6849,-67.979988,-24.552,-135.380428,-24.543300000000002,-132.847054
20265,40.4897,-198.90252,38.4054,-203.562808,59.427899999999994,-74.83493299999999,-18.938199999999995,-124.06758700000002,-21.022499999999994,-128.72787499999998
20266,38.1455,-175.969455,37.9191,-180.07961,60.5924,-68.031749,-22.4469,-107.937706,-22.673299999999998,-112.047861
20267,38.4149,-195.054094,40.2343,-188.384345,60.1121,-65.703392,-21.697199999999995,-129.350702,-19.8778,-122.680953
20268,35.6351,-181.498378,36.8998,-186.627532,59.954499999999996,-87.87597900000002,-24.319399999999995,-93.62239899999999,-23.054699999999997,-98.75155299999999
20269,37.7416,-184.78911,36.7603,-194.214424,58.9145,-79.69381600000001,-21.1729,-105.09529399999998,-22.154199999999996,-114.520608
20270,37.294,-210.355656,35.8918,-213.912122,58.261700000000005,-81.57583399999999,-20.967700000000008,-128.77982200000002,-22.3699,-132.33628800000002
20271,37.0132,-184.05705700000001,36.1973,-192.38918,61.8009,-73.702408,-24.7877,-110.35464900000001,-25.6036,-118.686772
20272,37.2913,-205.186295,36.3451,-204.52922900000002,59.842600000000004,-75.88246800000002,-22.551300000000005,-129.30382699999998,-23.497500000000002,-128.646761
20273,37.6055,-174.751385,37.2819,-176.942077,60.691500000000005,-68.89028700000001,-23.086000000000006,-105.86109799999998,-23.409600000000005,-108.05179
20274,38.7323,-214.298857,37.6624,-214.342691,58.0731,-77.49694799999999,-19.340799999999994,-136.80190900000002,-20.4107,-136.84574300000003
20275,38.8957,-212.277248,38.4211,-208.89887,57.1383,-87.11969100000002,-18.242600000000003,-125.15755699999997,-18.7172,-121.77917899999997
20276,38.299099999999996,-200.034787,38.6502,-193.101268,59.5552,-76.72316499999998,-21.256100000000004,-123.31162200000001,-20.905,-116.37810300000002
20277,38.5606,-210.241973,38.8976,-209.191514,58.1652,-72.10981500000001,-19.604599999999998,-138.132158,-19.2676,-137.08169900000001
20278,36.0567,-237.337574,34.2545,-242.925656,60.015699999999995,-77.953683,-23.958999999999996,-159.383891,-25.761199999999995,-164.971973
20279,40.6316,-180.370229,38.6438,-183.629111,61.5924,-71.47805600000001,-20.9608,-108.89217299999999,-22.9486,-112.15105499999999
20280,40.0243,-204.882922,40.63,-201.83654,58.9611,-78.857113,-18.936800000000005,-126.02580900000001,-18.3311,-122.97942700000002
20281,37.150800000000004,-196.150069,37.8475,-195.727513,59.8106,-89.67313600000001,-22.659799999999997,-106.47693299999999,-21.963100000000004,-106.05437699999997
20282,37.389700000000005,-175.600691,37.2504,-176.192498,60.9227,-72.999303,-23.532999999999994,-102.60138800000001,-23.6723,-103.193195
20283,36.9532,-189.735258,37.6323,-187.029118,62.3275,-64.97761200000001,-25.374299999999998,-124.75764599999998,-24.6952,-122.051506
20284,39.248,-193.027543,37.8021,-194.317927,60.5058,-68.713803,-21.257800000000003,-124.31374000000001,-22.703699999999998,-125.604124
20285,40.231700000000004,-180.635218,40.3818,-185.583775,61.8231,-71.81635500000002,-21.591399999999993,-108.818863,-21.4413,-113.76741999999999
20286,37.2912,-191.743005,36.728899999999996,-197.121975,60.376400000000004,-67.98517100000004,-23.0852,-123.75783399999997,-23.647500000000008,-129.13680399999996
20287,36.74,-191.262494,38.0703,-195.897219,60.1032,-72.64627900000002,-23.3632,-118.61621499999998,-22.032899999999998,-123.25093999999999
20288,36.7251,-192.201234,36.1342,-192.47569000000001,58.449600000000004,-74.52086899999998,-21.724500000000006,-117.68036500000002,-22.315400000000004,-117.95482100000004
20289,35.737700000000004,-200.009592,34.7966,-195.77392,59.137299999999996,-79.38389600000001,-23.399599999999992,-120.62569599999999,-24.3407,-116.390024
20290,38.6107,-196.5454,38.299800000000005,-187.615832,59.434,-83.81463000000001,-20.823299999999996,-112.73076999999999,-21.134199999999993,-103.801202
20291,38.103899999999996,-182.006816,38.2585,-183.35602599999999,61.3755,-65.93986200000002,-23.271600000000007,-116.06695399999997,-23.117000000000004,-117.41616399999997
20292,39.9043,-186.418134,40.2288,-184.0191,59.543,-74.822607,-19.6387,-111.595527,-19.3142,-109.196493
20293,39.311499999999995,-188.159128,40.0851,-179.664717,62.126400000000004,-71.194306,-22.81490000000001,-116.96482200000001,-22.041300000000007,-108.470411
20294,39.773399999999995,-182.233058,36.7864,-191.140354,59.0644,-83.99593700000003,-19.291000000000004,-98.23712099999997,-22.278,-107.14441699999998
20295,38.3825,-221.497713,38.6463,-225.107561,60.9849,-66.094027,-22.602400000000003,-155.403686,-22.338600000000007,-159.013534
20296,38.4323,-187.3832,38.7665,-191.999452,61.25149999999999,-71.10408099999998,-22.819199999999995,-116.27911900000001,-22.484999999999992,-120.89537100000001
20297,41.818799999999996,-173.650281,42.0536,-179.770256,59.556200000000004,-73.63395100000002,-17.737400000000008,-100.01632999999998,-17.5026,-106.13630499999996
20298,37.0469,-221.167566,38.5004,-210.080795,64.1014,-67.199689,-27.054499999999997,-153.967877,-25.601,-142.881106
20299,38.915800000000004,-218.181556,38.8682,-217.8582,57.464200000000005,-78.745905,-18.5484,-139.435651,-18.596000000000004,-139.11229500000002
20300,36.3028,-199.183733,36.419399999999996,-204.41953,59.007999999999996,-82.25949899999996,-22.705199999999998,-116.92423400000003,-22.5886,-122.16003100000005
20301,36.0345,-196.960606,37.588899999999995,-187.26575499999998,59.6895,-71.25646400000001,-23.655,-125.704142,-22.100600000000007,-116.00929099999998
20302,37.6923,-197.370588,37.253299999999996,-194.151093,60.4951,-89.63273799999999,-22.802799999999998,-107.73785000000001,-23.241800000000005,-104.51835500000001
20303,36.6352,-195.44343,35.813900000000004,-200.634906,59.2903,-72.66033099999999,-22.655100000000004,-122.78309900000002,-23.476399999999998,-127.97457500000002
20304,39.0021,-203.393776,40.1261,-197.685789,60.8289,-66.310204,-21.8268,-137.083572,-20.702799999999996,-131.375585
20305,38.1476,-209.448349,37.7809,-205.819017,62.460499999999996,-73.96972299999999,-24.3129,-135.47862600000002,-24.679599999999994,-131.84929400000001
20306,36.8401,-193.212996,36.7833,-187.16785099999998,60.349,-68.786487,-23.508899999999997,-124.42650900000001,-23.5657,-118.38136399999999
20307,38.7705,-177.284701,38.7396,-176.965393,62.1416,-72.28411299999999,-23.3711,-105.00058800000002,-23.401999999999994,-104.68128000000002
20308,38.370400000000004,-224.352677,36.995,-227.740616,59.540000000000006,-75.618455,-21.169600000000003,-148.734222,-22.54500000000001,-152.122161
20309,39.9256,-168.05234,39.7896,-167.830142,60.3177,-68.72086300000004,-20.3921,-99.33147699999995,-20.528100000000002,-99.10927899999996
20310,35.3727,-217.894436,35.327799999999996,-214.419847,60.714600000000004,-66.02702900000001,-25.341900000000003,-151.86740700000001,-25.386800000000008,-148.39281799999998
20311,36.8055,-206.611616,37.3189,-201.309292,62.3648,-61.329235999999995,-25.5593,-145.28238,-25.045900000000003,-139.980056
20312,39.7322,-179.07807400000002,39.4952,-176.77908,60.9828,-74.91715500000002,-21.2506,-104.16091899999999,-21.4876,-101.86192499999997
20313,40.356700000000004,-200.348655,40.1966,-204.014121,60.2662,-84.51189699999999,-19.909499999999994,-115.83675800000002,-20.0696,-119.502224
20314,39.831599999999995,-180.698777,40.4767,-187.281601,60.9665,-69.829883,-21.13490000000001,-110.86889400000001,-20.489800000000002,-117.451718
20315,34.9843,-216.082502,35.3953,-212.383877,58.9431,-86.875567,-23.958800000000004,-129.206935,-23.547800000000002,-125.50831000000001
20316,37.5009,-190.91905,40.5912,-182.714915,60.3238,-73.81585500000001,-22.822899999999997,-117.10319499999999,-19.732599999999998,-108.89905999999998
20317,37.356899999999996,-183.160307,37.7219,-182.005105,60.4025,-85.13463199999998,-23.045600000000007,-98.025675,-22.680600000000005,-96.870473
20318,37.9711,-208.809472,38.2637,-206.512244,59.8198,-71.01264700000002,-21.8487,-137.79682499999998,-21.5561,-135.499597
20319,35.332499999999996,-228.448957,37.2645,-221.417358,61.613,-70.52715599999996,-26.280500000000004,-157.92180100000004,-24.3485,-150.89020200000004
20320,40.8658,-192.594008,40.9993,-190.797999,61.163399999999996,-64.53248899999998,-20.297599999999996,-128.06151900000003,-20.164099999999998,-126.26551000000002
20321,37.5975,-180.068202,38.870999999999995,-178.998652,60.1257,-87.08504399999998,-22.528200000000005,-92.98315800000003,-21.254700000000007,-91.91360800000001
20322,40.158500000000004,-205.786572,39.5857,-209.11117,60.4708,-74.60805099999997,-20.312299999999993,-131.17852100000005,-20.885099999999994,-134.50311900000003
20323,36.7034,-213.420419,34.5967,-224.738822,60.032,-69.90189000000001,-23.328599999999994,-143.518529,-25.435299999999998,-154.836932
20324,39.8834,-203.516176,40.4145,-204.795566,60.5792,-71.69530500000002,-20.6958,-131.82087099999998,-20.164700000000003,-133.100261
20325,35.6805,-192.099572,36.0226,-197.728568,64.637,-66.16410999999997,-28.9565,-125.93546200000003,-28.614400000000003,-131.56445800000003
20326,39.609700000000004,-178.706721,39.1405,-185.304142,60.3395,-59.50942399999998,-20.729799999999997,-119.197297,-21.198999999999998,-125.79471800000003
20327,39.1226,-210.219816,39.3852,-202.743203,60.8521,-80.707567,-21.7295,-129.512249,-21.466900000000003,-122.035636
20328,39.2344,-207.115547,38.5409,-208.117793,60.1797,-79.165281,-20.945299999999996,-127.950266,-21.638799999999996,-128.952512
20329,35.4109,-189.620905,35.310199999999995,-188.130657,60.583600000000004,-80.25998,-25.172700000000006,-109.360925,-25.27340000000001,-107.87067700000001
20330,32.2961,-226.211405,33.1958,-228.668588,58.118,-74.43717199999999,-25.8219,-151.77423300000004,-24.922200000000004,-154.23141600000002
20331,36.8249,-221.165408,36.176500000000004,-223.476936,56.510999999999996,-82.23626499999997,-19.686099999999996,-138.92914300000004,-20.33449999999999,-141.24067100000002
20332,36.7652,-197.890773,36.544799999999995,-201.523809,58.9454,-88.34061699999998,-22.1802,-109.55015600000002,-22.400600000000004,-113.18319200000002
20333,35.9867,-199.70675,34.9469,-202.895335,58.2789,-71.12666200000002,-22.2922,-128.580088,-23.332,-131.76867299999998
20334,37.3965,-203.836059,36.9759,-206.755088,62.6546,-64.48747500000002,-25.2581,-139.348584,-25.6787,-142.26761299999998
20335,40.050399999999996,-162.522098,39.7692,-170.505368,57.1322,-85.97772699999999,-17.0818,-76.54437100000001,-17.363,-84.52764100000002
20336,39.6773,-205.655049,38.8515,-208.226687,60.9623,-68.42660599999999,-21.284999999999997,-137.228443,-22.110799999999998,-139.800081
20337,33.5099,-206.996424,34.7725,-195.525821,59.448,-80.89104799999998,-25.9381,-126.105376,-24.6755,-114.63477300000002
20338,37.190799999999996,-214.845733,36.7083,-215.29482,58.5631,-83.737646,-21.372300000000003,-131.108087,-21.854799999999997,-131.55717399999997
20339,36.4071,-214.79429,38.266999999999996,-214.744089,59.812,-71.770195,-23.404899999999998,-143.024095,-21.545,-142.973894
20340,36.8151,-187.311876,37.8572,-180.698781,59.3138,-76.64777800000002,-22.4987,-110.664098,-21.4566,-104.05100299999998
20341,35.9366,-225.45773499999999,37.4732,-212.74943,60.651399999999995,-68.85818799999997,-24.714799999999997,-156.59954700000003,-23.178199999999997,-143.89124200000003
20342,39.18,-187.090162,38.1113,-184.088845,59.2356,-80.140853,-20.0556,-106.94930899999999,-21.124299999999998,-103.94799199999999
20343,39.0997,-220.365377,39.7813,-215.281062,59.3825,-74.584192,-20.2828,-145.781185,-19.6012,-140.69687
20344,36.26,-200.541238,41.1648,-193.824283,59.9959,-71.69405,-23.7359,-128.847188,-18.8311,-122.130233
20345,38.7017,-200.18280000000001,38.4827,-198.633861,59.683400000000006,-78.71012100000003,-20.981700000000004,-121.47267899999999,-21.200700000000005,-119.92373999999997
20346,37.7301,-200.754513,37.2408,-205.459147,62.1559,-67.07460800000001,-24.425800000000002,-133.679905,-24.915100000000002,-138.384539
20347,39.5998,-191.948713,38.5316,-200.10732000000002,60.6087,-64.878449,-21.008899999999997,-127.070264,-22.0771,-135.22887100000003
20348,35.954,-186.660076,35.977999999999994,-189.256657,59.088300000000004,-79.96198600000002,-23.134300000000003,-106.69808999999998,-23.11030000000001,-109.29467099999997
20349,38.462599999999995,-212.432498,38.3905,-212.168798,59.2191,-76.991756,-20.756500000000003,-135.440742,-20.828599999999994,-135.17704200000003
20350,38.5537,-189.667313,38.1426,-188.426496,60.314,-66.040744,-21.7603,-123.626569,-22.1714,-122.38575199999998
20351,37.2975,-180.965147,36.3962,-188.59155,60.816,-69.922,-23.518500000000003,-111.043147,-24.419800000000002,-118.66955000000002
20352,38.964,-200.185583,40.1019,-201.267796,60.09,-68.63498100000001,-21.126000000000005,-131.550602,-19.988100000000003,-132.632815
20353,37.7772,-178.636719,37.6698,-182.017024,60.6953,-75.04667399999998,-22.918100000000003,-103.59004500000002,-23.0255,-106.97035000000001
20354,40.391,-195.884438,39.4313,-198.79093,60.3494,-66.57524,-19.958400000000005,-129.30919799999998,-20.918100000000003,-132.21569
20355,37.2641,-177.964832,38.1787,-180.796495,60.922399999999996,-73.540123,-23.658299999999997,-104.42470900000001,-22.743699999999997,-107.256372
20356,38.6352,-189.052507,38.5833,-191.833162,60.6757,-78.84511499999998,-22.0405,-110.20739200000001,-22.092399999999998,-112.98804700000001
20357,39.7065,-200.235948,35.727599999999995,-212.211145,60.5082,-79.54243900000004,-20.801700000000004,-120.69350899999996,-24.780600000000007,-132.66870599999993
20358,38.0372,-190.312578,38.5799,-178.540773,60.3861,-76.49166199999999,-22.3489,-113.82091600000001,-21.806199999999997,-102.04911100000001
20359,41.6428,-195.524365,42.065200000000004,-188.167452,62.1776,-79.49366199999999,-20.534799999999997,-116.030703,-20.112399999999994,-108.67379000000001
20360,42.5633,-187.179895,42.2065,-190.15696,57.4827,-86.37056000000004,-14.919400000000003,-100.80933499999995,-15.276200000000003,-103.78639999999996
20361,37.422399999999996,-192.803438,38.806,-188.948624,59.7611,-68.09449400000003,-22.338700000000003,-124.70894399999997,-20.9551,-120.85412999999997
20362,36.7217,-211.47631,37.8423,-206.4426,61.3886,-74.40707100000002,-24.6669,-137.06923899999998,-23.546299999999995,-132.035529
20363,38.3017,-197.482793,37.8727,-198.523891,60.4152,-86.71428200000003,-22.113500000000002,-110.76851099999996,-22.542499999999997,-111.80960899999997
20364,37.3747,-179.495092,36.9774,-181.721294,58.898300000000006,-76.657414,-21.52360000000001,-102.837678,-21.920900000000003,-105.06388
20365,38.6943,-222.612472,38.5493,-221.973682,61.6257,-71.40495500000002,-22.931400000000004,-151.207517,-23.0764,-150.56872699999997
20366,39.1049,-194.822302,39.2832,-203.821812,59.9357,-86.12089599999997,-20.830799999999996,-108.70140600000003,-20.652499999999996,-117.70091600000002
20367,37.1211,-202.305004,35.9019,-203.078474,58.373999999999995,-86.23295999999999,-21.252899999999997,-116.072044,-22.472099999999998,-116.84551400000001
20368,37.7373,-200.255189,38.1377,-195.787509,50.1267,-105.80110799999996,-12.389400000000002,-94.45408100000004,-11.988999999999997,-89.98640100000004
20369,38.0952,-192.149461,37.2461,-197.629033,60.36410000000001,-80.77950999999999,-22.26890000000001,-111.36995100000001,-23.11800000000001,-116.849523
20370,38.8005,-196.402516,37.368700000000004,-193.766769,60.967699999999994,-68.08341300000001,-22.167199999999994,-128.31910299999998,-23.59899999999999,-125.683356
20371,36.3632,-230.30256500000002,37.0941,-225.908687,49.5753,-115.097221,-13.2121,-115.20534400000001,-12.481200000000001,-110.81146599999998
20372,35.5223,-196.051773,34.5604,-199.75168,59.9029,-83.49129599999999,-24.3806,-112.560477,-25.3425,-116.260384
20373,34.918800000000005,-189.292131,34.986999999999995,-185.962973,59.446299999999994,-82.21796599999998,-24.52749999999999,-107.07416500000004,-24.4593,-103.74500700000003
20374,40.2529,-188.012132,38.0096,-189.006073,59.6105,-67.16740899999999,-19.357600000000005,-120.84472300000002,-21.600900000000003,-121.838664
20375,37.8818,-195.885409,35.6094,-201.173104,59.064800000000005,-83.61917199999998,-21.183000000000007,-112.26623700000003,-23.455400000000004,-117.55393200000002
20376,34.0357,-202.322765,33.7859,-202.16031,57.8626,-80.57822499999997,-23.826900000000002,-121.74454000000003,-24.076700000000002,-121.58208500000003
20377,35.8252,-230.58751900000001,36.4914,-226.894405,58.6892,-80.90992500000002,-22.863999999999997,-149.677594,-22.1978,-145.98448
20378,40.497,-182.282184,41.0086,-192.615451,59.9605,-63.40288300000001,-19.463500000000003,-118.879301,-18.951900000000002,-129.212568
20379,37.2821,-188.729035,37.109899999999996,-188.758345,60.1139,-79.70721999999998,-22.8318,-109.02181500000003,-23.004000000000005,-109.05112500000001
20380,34.5584,-217.383308,37.581900000000005,-209.987438,59.1994,-71.73698900000002,-24.641,-145.64631899999998,-21.617499999999993,-138.25044899999997
20381,36.010999999999996,-184.893804,36.044200000000004,-190.165538,56.546899999999994,-85.840585,-20.535899999999998,-99.05321899999998,-20.50269999999999,-104.324953
20382,38.4204,-187.945427,37.7745,-191.96473,60.484,-68.50475,-22.0636,-119.440677,-22.7095,-123.45998
20383,39.0008,-193.809846,40.7862,-177.801784,57.617599999999996,-72.95914000000002,-18.616799999999998,-120.85070599999997,-16.831399999999995,-104.84264399999998
20384,42.1387,-183.252447,40.1474,-184.317056,60.5407,-69.92633699999999,-18.402,-113.32611,-20.393300000000004,-114.39071900000002
20385,33.7489,-216.807719,33.6485,-213.301863,59.956100000000006,-88.93341899999996,-26.207200000000007,-127.87430000000003,-26.307600000000008,-124.36844400000004
20386,35.425799999999995,-233.736456,35.4138,-234.903275,59.5548,-76.63947700000001,-24.129000000000005,-157.09697899999998,-24.141,-158.263798
20387,37.8397,-194.691852,37.269999999999996,-201.825099,61.653,-80.43130099999998,-23.813299999999998,-114.26055100000004,-24.383000000000003,-121.39379800000002
20388,35.7508,-238.945117,35.7479,-238.998694,55.2579,-92.098152,-19.5071,-146.846965,-19.509999999999998,-146.900542
20389,42.5041,-191.589493,41.3883,-199.584741,61.300799999999995,-67.529553,-18.796699999999994,-124.05994,-19.912499999999994,-132.055188
20390,41.6792,-202.203436,41.5375,-201.836212,60.4499,-85.03057599999998,-18.770699999999998,-117.17286000000003,-18.912399999999998,-116.805636
20391,38.589600000000004,-175.620956,38.6908,-179.417894,58.126000000000005,-78.21923899999999,-19.5364,-97.40171700000002,-19.435200000000002,-101.198655
20392,39.6088,-191.294448,37.6653,-188.876447,57.8935,-84.32304299999997,-18.2847,-106.97140500000002,-20.2282,-104.55340400000004
20393,38.1768,-221.084842,38.1652,-220.242627,57.3726,-76.86845799999996,-19.1958,-144.21638400000006,-19.2074,-143.37416900000005
20394,38.6407,-196.296979,40.6761,-189.294971,56.5111,-101.01467400000001,-17.870399999999997,-95.28230499999998,-15.835,-88.28029699999999
20395,35.8731,-200.711895,34.7043,-210.442727,57.753699999999995,-94.38851099999998,-21.880599999999994,-106.32338400000002,-23.04939999999999,-116.05421600000001
20396,41.0417,-199.743849,42.217,-196.406599,60.0768,-80.58888500000005,-19.0351,-119.15496399999996,-17.8598,-115.81771399999995
20397,37.4081,-180.704781,37.898,-185.363387,60.233999999999995,-74.36132899999998,-22.825899999999997,-106.34345200000001,-22.33599999999999,-111.002058
20398,36.9911,-211.574811,39.3546,-199.082856,59.462900000000005,-76.87783599999999,-22.4718,-134.696975,-20.108300000000007,-122.20502
20399,40.0986,-170.665634,39.039,-179.18138,59.921400000000006,-76.897158,-19.822800000000008,-93.768476,-20.882400000000004,-102.28422199999999
20400,39.8564,-202.212927,39.4423,-195.899054,60.5868,-73.62547399999997,-20.730399999999996,-128.58745300000004,-21.144499999999994,-122.27358000000004
20401,39.8029,-197.313424,39.9895,-198.397072,60.6633,-71.697366,-20.8604,-125.616058,-20.6738,-126.699706
20402,33.2432,-217.080575,32.9037,-214.766203,58.953500000000005,-79.447973,-25.710300000000004,-137.63260200000002,-26.049800000000005,-135.31822999999997
20403,36.9198,-220.616168,37.8211,-221.110222,58.684200000000004,-81.071631,-21.764400000000002,-139.544537,-20.863100000000003,-140.038591
20404,35.8539,-193.415275,37.724199999999996,-189.627246,61.6715,-75.98573400000002,-25.8176,-117.42954099999999,-23.947300000000006,-113.64151199999999
20405,36.6188,-229.732649,35.897,-237.99132699999998,62.121700000000004,-70.53993700000002,-25.502900000000004,-159.19271199999997,-26.224700000000006,-167.45138999999995
20406,38.2785,-214.643964,37.589,-223.910793,60.061800000000005,-76.76251300000001,-21.783300000000004,-137.881451,-22.472800000000007,-147.14828
20407,37.1486,-187.272597,37.116299999999995,-178.302586,60.266000000000005,-73.11791,-23.117400000000004,-114.154687,-23.14970000000001,-105.184676
20408,39.3102,-207.124017,38.0462,-208.879833,61.8851,-67.91313199999999,-22.5749,-139.21088500000002,-23.838900000000002,-140.966701
20409,35.2498,-199.328207,34.6072,-198.546059,60.6826,-66.188111,-25.4328,-133.14009599999997,-26.075400000000002,-132.35794800000002
20410,41.5123,-180.285447,41.3808,-177.066784,60.8532,-73.50189399999998,-19.340899999999998,-106.78355300000003,-19.4724,-103.56489000000003
20411,39.1776,-188.486678,39.2386,-193.178983,59.7347,-78.17692399999996,-20.5571,-110.30975400000005,-20.4961,-115.00205900000003
20412,38.3087,-187.153908,38.9866,-184.568084,59.7102,-71.86855500000003,-21.4015,-115.28535299999997,-20.723599999999998,-112.69952899999997
20413,37.1192,-196.284918,38.1644,-193.112127,60.9295,-69.80139499999999,-23.810299999999998,-126.48352300000002,-22.765099999999997,-123.310732
20414,35.8792,-189.47559,35.432500000000005,-198.847707,58.7307,-71.26825899999999,-22.8515,-118.20733100000002,-23.298199999999994,-127.57944800000003
20415,38.1386,-179.699127,36.463499999999996,-190.876661,56.5891,-85.98831400000005,-18.450500000000005,-93.71081299999996,-20.125600000000006,-104.88834699999997
20416,40.6967,-201.964636,40.346199999999996,-204.713769,59.346000000000004,-70.411624,-18.649300000000004,-131.55301200000002,-18.999800000000008,-134.302145
20417,39.9724,-198.713377,39.2235,-193.214985,62.4281,-67.56339400000002,-22.4557,-131.149983,-23.2046,-125.651591
20418,39.9987,-169.560437,37.2876,-187.758395,57.52120000000001,-79.60193100000002,-17.522500000000008,-89.95850599999999,-20.23360000000001,-108.15646399999999
20419,37.987,-186.29011,37.8116,-181.980813,60.102000000000004,-72.00566999999997,-22.115000000000002,-114.28444000000003,-22.290400000000005,-109.97514300000005
20420,38.056,-222.224644,39.1509,-216.072465,60.72,-63.97064299999999,-22.664,-158.25400100000002,-21.5691,-152.101822
20421,38.3435,-187.601492,38.8249,-185.449826,59.0122,-88.674041,-20.6687,-98.927451,-20.1873,-96.775785
20422,34.4631,-205.644214,36.0582,-195.690862,62.8244,-79.74952099999999,-28.3613,-125.89469300000002,-26.766199999999998,-115.94134100000002
20423,39.0169,-212.872632,38.609,-211.629164,58.9897,-73.64219399999999,-19.9728,-139.23043800000002,-20.380699999999997,-137.98697
20424,38.6004,-184.990226,38.1467,-186.172473,61.4386,-66.88978600000002,-22.8382,-118.10043999999999,-23.2919,-119.28268699999998
20425,37.6335,-184.303181,37.082,-187.788359,60.095200000000006,-76.517194,-22.461700000000008,-107.78598699999999,-23.013200000000005,-111.27116500000001
20426,40.448,-208.074078,37.7664,-219.31647,60.275099999999995,-66.32195999999999,-19.827099999999994,-141.752118,-22.508699999999997,-152.99451000000002
20427,37.9532,-207.921477,37.65,-202.986351,49.1596,-117.34739499999998,-11.206399999999995,-90.57408200000003,-11.509599999999999,-85.63895600000004
20428,38.0111,-215.167142,33.1701,-236.02464,62.362700000000004,-64.19510000000001,-24.351600000000005,-150.972042,-29.192600000000006,-171.82954
20429,38.4869,-178.512923,37.7495,-188.683019,61.7482,-68.07492,-23.2613,-110.438003,-23.9987,-120.608099
20430,42.4983,-189.111375,40.852000000000004,-194.832485,60.7881,-64.31057599999998,-18.2898,-124.80079900000003,-19.936099999999996,-130.521909
20431,37.5534,-192.527224,34.379400000000004,-202.732269,60.213899999999995,-79.720102,-22.660499999999992,-112.80712199999999,-25.83449999999999,-123.012167
20432,38.581900000000005,-170.133525,37.1442,-185.68362199999999,61.9921,-59.863903000000015,-23.410199999999996,-110.26962199999997,-24.847900000000003,-125.81971899999996
20433,37.5008,-193.42258,36.8127,-200.158991,62.1699,-73.921494,-24.6691,-119.50108600000002,-25.3572,-126.23749699999999
20434,37.8579,-223.334078,36.5207,-223.021352,58.9251,-76.06067100000003,-21.0672,-147.27340699999996,-22.404400000000003,-146.96068099999997
20435,37.0155,-208.022423,37.2477,-208.093262,58.2048,-77.389266,-21.189299999999996,-130.63315699999998,-20.957099999999997,-130.70399600000002
20436,36.561,-188.19366,37.0549,-176.605723,59.267300000000006,-72.569805,-22.706300000000006,-115.62385499999999,-22.212400000000002,-104.03591800000001
20437,38.9336,-187.417985,41.7967,-180.681498,60.363299999999995,-61.96850600000001,-21.429699999999997,-125.44947899999997,-18.566599999999994,-118.71299199999999
20438,36.3266,-210.781404,36.1727,-221.594762,60.9488,-67.8598,-24.6222,-142.921604,-24.7761,-153.734962
20439,39.5853,-197.167274,37.283699999999996,-200.785894,59.9938,-74.149187,-20.408500000000004,-123.018087,-22.710100000000004,-126.63670700000002
20440,39.3937,-165.626121,38.7231,-173.38661,61.7718,-74.83103500000001,-22.378099999999996,-90.795086,-23.048699999999997,-98.55557499999998
20441,37.7699,-221.28207,34.7475,-226.641287,59.5526,-82.73883199999997,-21.7827,-138.54323800000003,-24.805099999999996,-143.90245500000003
20442,40.1292,-176.269795,39.4595,-177.834359,59.3017,-68.52056400000001,-19.1725,-107.74923099999998,-19.8422,-109.313795
20443,39.7999,-190.146775,39.9307,-185.290078,60.6186,-79.22055200000007,-20.8187,-110.92622299999992,-20.6879,-106.06952599999993
20444,35.6825,-234.007299,39.0356,-213.612557,63.4964,-62.33439400000002,-27.813900000000004,-171.67290499999996,-24.4608,-151.278163
20445,38.0976,-193.168838,37.5197,-184.665888,59.1506,-84.24443900000001,-21.052999999999997,-108.92439899999998,-21.630899999999997,-100.42144899999998
20446,38.772,-176.264325,40.048899999999996,-174.902602,61.417500000000004,-71.418567,-22.645500000000006,-104.84575800000002,-21.368600000000008,-103.484035
20447,37.6572,-215.628411,38.7352,-215.050258,57.6168,-77.71691199999998,-19.959599999999995,-137.91149900000002,-18.8816,-137.33334600000003
20448,38.0046,-232.992491,37.267399999999995,-233.404676,59.386399999999995,-69.129748,-21.38179999999999,-163.862743,-22.119,-164.274928
20449,36.6825,-223.855566,37.4788,-216.006667,63.056,-68.26683800000004,-26.3735,-155.58872799999997,-25.577199999999998,-147.73982899999996
20450,37.2951,-203.256304,38.3782,-200.063615,59.665800000000004,-64.14771099999997,-22.370700000000006,-139.10859300000004,-21.287600000000005,-135.915904
20451,40.7987,-208.202642,39.5953,-209.43542300000001,56.9556,-88.72555199999998,-16.1569,-119.47709000000002,-17.360299999999995,-120.70987100000004
20452,36.150800000000004,-215.942231,36.1409,-219.078209,61.1781,-73.60785699999997,-25.027299999999997,-142.33437400000003,-25.0372,-145.47035200000002
20453,37.8941,-193.109357,37.6249,-199.33213800000001,60.831,-67.88104699999997,-22.9369,-125.22831000000002,-23.206100000000006,-131.45109100000005
20454,35.2252,-197.218555,37.4864,-193.646247,51.0371,-96.99396400000002,-15.811900000000001,-100.22459099999999,-13.550699999999999,-96.65228299999997
20455,39.4092,-191.189725,37.3937,-205.154644,57.999700000000004,-81.76341600000002,-18.590500000000006,-109.42630899999999,-20.606,-123.39122799999997
20456,39.626,-204.006104,38.9693,-204.62148,60.3086,-79.19877199999999,-20.6826,-124.807332,-21.3393,-125.422708
20457,38.4836,-188.488703,38.4468,-186.838843,60.408100000000005,-75.12603400000002,-21.924500000000002,-113.36266899999997,-21.9613,-111.71280899999998
20458,36.531800000000004,-183.881609,37.3072,-190.563675,58.32169999999999,-84.95401299999999,-21.78989999999999,-98.92759600000001,-21.01449999999999,-105.609662
20459,38.9259,-187.135629,39.2734,-189.735206,62.085499999999996,-70.07243899999997,-23.159599999999998,-117.06319000000002,-22.812099999999994,-119.66276700000003
20460,38.2348,-199.556196,38.1945,-194.887754,57.231899999999996,-99.456909,-18.997099999999996,-100.099287,-19.037399999999998,-95.430845
20461,38.332,-194.816124,37.0287,-205.220858,59.026300000000006,-72.86578100000003,-20.694300000000005,-121.95034299999998,-21.997600000000006,-132.35507699999997
20462,39.6689,-218.182297,38.7369,-224.298658,61.2596,-75.56700400000001,-21.5907,-142.615293,-22.5227,-148.731654
20463,40.2848,-206.841646,40.3194,-201.687578,60.6809,-69.367821,-20.396100000000004,-137.47382499999998,-20.3615,-132.31975699999998
20464,40.831,-198.511615,40.4334,-204.270801,63.638099999999994,-68.00801599999997,-22.80709999999999,-130.50359900000004,-23.204699999999995,-136.26278500000004
20465,40.2064,-193.826525,38.9915,-204.144074,60.014,-69.098417,-19.8076,-124.728108,-21.0225,-135.045657
20466,38.0456,-190.075398,35.424800000000005,-211.601277,58.6132,-78.30333999999999,-20.5676,-111.77205800000002,-23.188399999999994,-133.29793700000002
20467,37.7921,-198.140784,36.775400000000005,-189.667065,60.3679,-79.46032800000003,-22.5758,-118.68045599999996,-23.592499999999994,-110.20673699999998
20468,40.8587,-164.179262,39.933099999999996,-164.356805,60.6833,-70.90934000000003,-19.824600000000004,-93.26992199999997,-20.750200000000007,-93.44746499999998
20469,35.5864,-210.37033,34.7212,-212.402209,58.8478,-69.72672100000004,-23.261400000000002,-140.64360899999997,-24.126599999999996,-142.67548799999997
20470,39.1404,-208.051593,38.7727,-206.621604,60.036,-68.30583299999999,-20.8956,-139.74576000000002,-21.2633,-138.31577099999998
20471,39.7131,-181.669936,37.5657,-187.948537,60.2322,-75.63522800000003,-20.5191,-106.03470799999998,-22.6665,-112.31330899999996
20472,36.2919,-210.173071,35.8511,-208.877378,59.2761,-76.10470899999999,-22.9842,-134.068362,-23.424999999999997,-132.772669
20473,39.2487,-195.49620099999999,40.1907,-193.211833,60.0118,-77.814613,-20.7631,-117.68158799999999,-19.8211,-115.39722000000002
20474,39.7585,-189.17393,39.3237,-185.249363,61.559,-74.76026800000004,-21.8005,-114.41366199999997,-22.235299999999995,-110.48909499999995
20475,36.577,-178.744948,36.6537,-183.185644,58.7576,-74.56420800000002,-22.1806,-104.18073999999997,-22.103899999999996,-108.62143599999997
20476,37.7038,-193.320095,37.6464,-192.481242,59.2424,-78.25238599999997,-21.538600000000002,-115.06770900000004,-21.596000000000004,-114.22885600000004
20477,37.6592,-196.733335,40.21,-193.920303,60.2033,-66.20066399999999,-22.5441,-130.53267100000002,-19.993299999999998,-127.719639
20478,40.015100000000004,-200.248417,35.7257,-213.344424,59.9523,-69.58085300000002,-19.937199999999997,-130.66756399999997,-24.226599999999998,-143.76357099999998
20479,36.9816,-195.968918,36.7719,-192.021761,58.947500000000005,-89.006592,-21.965900000000005,-106.962326,-22.175600000000003,-103.015169
20480,39.595600000000005,-188.260476,39.3877,-191.205082,63.251400000000004,-74.52601200000001,-23.6558,-113.734464,-23.8637,-116.67907
20481,40.6329,-192.01201,40.0028,-195.121678,62.2953,-73.229586,-21.662399999999998,-118.782424,-22.292499999999997,-121.892092
20482,40.959,-179.681394,40.634699999999995,-182.752899,61.0847,-65.01566100000001,-20.125699999999995,-114.665733,-20.450000000000003,-117.737238
20483,41.4425,-207.123355,42.214,-197.947767,60.605,-66.69475500000001,-19.162499999999994,-140.4286,-18.391,-131.25301199999998
20484,34.1595,-234.957106,33.8259,-230.331861,57.2301,-88.80886200000002,-23.0706,-146.14824399999998,-23.404200000000003,-141.52299899999997
20485,34.6531,-189.54303,34.5366,-191.028574,53.744,-92.77053999999998,-19.090899999999998,-96.77249,-19.2074,-98.25803400000001
20486,37.5557,-188.13792,37.8475,-196.763709,59.3905,-72.751037,-21.8348,-115.38688300000001,-21.543000000000006,-124.01267200000001
20487,39.0511,-175.198666,39.0304,-181.547597,61.467600000000004,-68.46962599999998,-22.416500000000006,-106.72904000000003,-22.437200000000004,-113.07797100000002
20488,37.5532,-209.317018,37.783699999999996,-200.351507,59.1638,-79.95735799999997,-21.610600000000005,-129.35966000000002,-21.380100000000006,-120.39414900000003
20489,37.7615,-194.221168,40.439099999999996,-187.284368,59.091300000000004,-74.36524500000002,-21.329800000000006,-119.85592299999999,-18.652200000000008,-112.91912299999998
20490,37.7663,-186.642223,38.0868,-193.97912399999998,60.2523,-66.10106599999999,-22.485999999999997,-120.54115700000001,-22.1655,-127.878058
20491,37.6314,-201.066556,40.841,-180.126404,60.2576,-67.354347,-22.626199999999997,-133.71220899999997,-19.416599999999995,-112.772057
20492,37.4058,-208.829306,37.0977,-204.341527,59.6871,-75.89049600000003,-22.2813,-132.93881,-22.589399999999998,-128.451031
20493,37.8232,-185.262409,37.8917,-185.912958,60.56870000000001,-83.53264500000003,-22.745500000000007,-101.72976399999996,-22.677000000000007,-102.38031299999997
20494,37.5232,-178.785138,36.8503,-190.878419,60.51819999999999,-84.672767,-22.99499999999999,-94.112371,-23.667899999999996,-106.20565200000001
20495,36.7841,-176.183803,36.6058,-173.743096,60.7375,-67.760826,-23.953399999999995,-108.42297700000002,-24.131699999999995,-105.98227000000001
20496,37.6024,-207.921748,36.0152,-218.605584,61.1984,-72.134403,-23.595999999999997,-135.78734500000002,-25.1832,-146.471181
20497,39.1638,-182.132921,37.4247,-189.238885,61.5584,-78.771681,-22.394599999999997,-103.36124000000001,-24.133699999999997,-110.46720400000001
20498,35.8382,-199.180098,35.821600000000004,-198.04446,58.5898,-77.42418300000001,-22.751599999999996,-121.75591499999997,-22.768199999999993,-120.62027699999997
20499,36.6727,-214.574418,39.5624,-199.013728,61.469300000000004,-71.88289100000001,-24.796600000000005,-142.691527,-21.906900000000007,-127.13083699999997
20500,39.089,-200.494832,40.2674,-196.821409,64.2238,-64.29930599999999,-25.1348,-136.19552600000003,-23.956399999999995,-132.52210300000002
20501,37.9801,-174.556699,37.4332,-173.428277,61.5191,-77.782971,-23.539,-96.773728,-24.085900000000002,-95.645306
20502,36.3494,-192.571934,35.691900000000004,-191.373448,59.973200000000006,-93.812941,-23.623800000000003,-98.758993,-24.2813,-97.560507
20503,38.1541,-193.714406,37.85,-193.148564,56.51,-92.691987,-18.3559,-101.022419,-18.659999999999997,-100.456577
20504,40.0877,-206.83491,40.428,-204.941988,61.0799,-73.70091499999998,-20.992200000000004,-133.13399500000003,-20.651900000000005,-131.24107300000003
20505,37.3682,-186.96337499999998,37.156800000000004,-186.700383,60.003,-81.27170799999998,-22.6348,-105.69166700000001,-22.846199999999996,-105.42867500000001
20506,37.6368,-181.51338,37.6034,-181.287948,63.4116,-71.42288099999999,-25.7748,-110.09049900000002,-25.8082,-109.86506700000001
20507,39.5651,-215.846698,39.559,-215.004231,60.5803,-68.99502800000003,-21.0152,-146.85166999999996,-21.021300000000004,-146.00920299999996
20508,39.0551,-190.956432,39.0187,-188.976868,60.4204,-70.82172800000002,-21.365299999999998,-120.13470399999999,-21.401699999999998,-118.15513999999997
20509,36.3043,-190.650588,35.828,-189.45056399999999,59.8113,-69.60962,-23.507000000000005,-121.04096799999999,-23.9833,-119.84094399999998
20510,38.2654,-192.548598,38.202200000000005,-194.464036,61.659099999999995,-71.22017599999998,-23.393699999999995,-121.32842200000002,-23.45689999999999,-123.24386000000001
20511,37.096000000000004,-226.684055,34.5895,-240.595582,60.0541,-75.949107,-22.958099999999995,-150.734948,-25.464599999999997,-164.646475
20512,40.967600000000004,-203.170588,40.1207,-206.337547,60.168400000000005,-74.22617200000002,-19.2008,-128.944416,-20.047700000000006,-132.11137499999998
20513,39.1115,-187.76865800000002,39.7624,-188.171716,57.6529,-78.99769300000001,-18.541400000000003,-108.770965,-17.890500000000003,-109.17402299999999
20514,37.82,-184.705681,37.4033,-184.25692,57.7398,-71.03421799999997,-19.919800000000002,-113.67146300000003,-20.3365,-113.22270200000004
20515,34.2456,-214.316482,35.2291,-205.088613,59.740399999999994,-74.01387000000005,-25.49479999999999,-140.30261199999995,-24.51129999999999,-131.07474299999996
20516,34.2369,-205.81215699999998,33.6014,-215.787638,58.186099999999996,-71.82388500000003,-23.949199999999998,-133.98827199999994,-24.584699999999998,-143.96375299999994
20517,34.3789,-218.902276,35.4756,-212.964406,60.0347,-73.049617,-25.6558,-145.85265900000002,-24.5591,-139.91478899999998
20518,37.4988,-182.872465,37.4873,-186.169274,60.9527,-72.23736399999999,-23.453899999999997,-110.63510100000002,-23.465400000000002,-113.93191000000002
20519,40.7211,-182.144375,40.8713,-188.676207,61.2222,-63.523625999999986,-20.5011,-118.62074900000002,-20.350900000000003,-125.15258100000003
20520,37.6781,-180.850863,37.686099999999996,-180.758762,62.21510000000001,-68.95239699999998,-24.537000000000006,-111.89846600000003,-24.52900000000001,-111.80636500000001
20521,37.1553,-218.791466,37.612899999999996,-209.495418,49.118700000000004,-104.45515300000001,-11.963400000000007,-114.336313,-11.505800000000008,-105.04026499999999
20522,39.8263,-183.341613,39.6552,-176.897656,62.4015,-65.37654,-22.575199999999995,-117.96507299999999,-22.746299999999998,-111.521116
20523,38.2973,-185.130135,38.731,-180.944803,60.1731,-92.99599,-21.875799999999998,-92.13414499999999,-21.442099999999996,-87.948813
20524,39.0467,-209.025133,38.8414,-204.533165,59.995000000000005,-64.87189799999999,-20.948300000000003,-144.15323500000002,-21.153600000000004,-139.661267
20525,39.2652,-211.134894,39.8814,-205.092474,59.8582,-71.80909299999996,-20.592999999999996,-139.32580100000004,-19.976799999999997,-133.28338100000005
20526,39.652699999999996,-202.218539,39.463300000000004,-198.785112,60.2745,-81.44544,-20.621800000000007,-120.77309899999999,-20.8112,-117.339672
20527,37.371,-176.423468,36.515,-185.416082,59.6151,-69.586314,-22.244099999999996,-106.83715400000001,-23.100099999999998,-115.82976799999999
20528,37.1308,-211.057564,36.399,-221.846418,61.5732,-66.70932099999999,-24.4424,-144.34824300000002,-25.1742,-155.137097
20529,41.813,-175.711141,37.8859,-187.588414,60.2054,-62.72302799999999,-18.392399999999995,-112.988113,-22.319499999999998,-124.865386
20530,39.841,-220.629413,41.0038,-206.123626,62.2204,-68.225835,-22.379399999999997,-152.40357799999998,-21.2166,-137.89779099999998
20531,37.4867,-209.82090300000002,36.798100000000005,-214.898987,59.999399999999994,-74.84658,-22.512699999999995,-134.97432300000003,-23.20129999999999,-140.05240700000002
20532,39.522400000000005,-175.710838,40.0619,-183.206994,60.1853,-86.49858200000004,-20.662899999999993,-89.21225599999995,-20.123399999999997,-96.70841199999997
20533,39.167699999999996,-202.164508,40.9138,-200.61831,59.9129,-83.96051100000001,-20.745200000000004,-118.203997,-18.9991,-116.657799
20534,36.0004,-189.207056,35.782700000000006,-191.56463,60.0519,-71.59499600000001,-24.051500000000004,-117.61205999999999,-24.269199999999998,-119.96963399999999
20535,37.7161,-187.920495,38.6555,-192.823022,58.6284,-88.10958600000001,-20.912300000000002,-99.81090899999998,-19.972899999999996,-104.713436
20536,41.150800000000004,-197.964389,40.2661,-202.557746,60.5099,-70.522126,-19.359099999999998,-127.44226300000001,-20.2438,-132.03562
20537,41.6916,-186.696472,38.8986,-192.184516,59.3624,-72.10297899999998,-17.6708,-114.59349300000002,-20.4638,-120.08153700000003
20538,36.4181,-193.082147,36.865899999999996,-193.408252,58.8072,-74.35568700000003,-22.3891,-118.72645999999996,-21.941300000000005,-119.05256499999997
20539,39.7586,-186.473441,38.889700000000005,-181.727216,51.9673,-100.85163500000003,-12.2087,-85.62180599999998,-13.077599999999997,-80.87558099999997
20540,35.1451,-227.867333,35.0516,-228.561078,60.7606,-68.989109,-25.615499999999997,-158.878224,-25.708999999999996,-159.57196900000002
20541,38.4821,-199.356103,39.0527,-197.570835,58.700599999999994,-87.78979800000002,-20.21849999999999,-111.56630499999997,-19.647899999999993,-109.78103699999997
20542,35.863299999999995,-174.828065,35.247,-186.368095,61.364000000000004,-70.52338699999999,-25.50070000000001,-104.30467800000002,-26.117000000000004,-115.84470800000003
20543,38.8816,-207.77559,37.5399,-209.056366,53.357,-101.859726,-14.4754,-105.915864,-15.817099999999996,-107.19664
20544,37.256299999999996,-200.219437,37.3076,-187.624141,60.2417,-84.01756599999993,-22.985400000000006,-116.20187100000007,-22.9341,-103.60657500000008
20545,39.0192,-215.992147,39.2844,-217.479291,60.174800000000005,-72.27584300000002,-21.155600000000007,-143.71630399999998,-20.890400000000007,-145.20344799999998
20546,38.2121,-199.871269,37.6734,-203.506779,63.0265,-66.57318199999999,-24.8144,-133.298087,-25.353099999999998,-136.93359700000002
20547,36.4363,-214.257157,34.4212,-227.376551,58.8711,-77.92454299999999,-22.434799999999996,-136.33261400000004,-24.4499,-149.45200800000003
20548,41.0951,-196.03304,41.9126,-191.504229,59.7929,-68.74968100000001,-18.6978,-127.28335899999999,-17.880300000000005,-122.754548
20549,37.6001,-200.544603,36.2953,-197.359033,58.8617,-75.49431400000002,-21.2616,-125.05028899999998,-22.5664,-121.864719
20550,40.9801,-174.992881,41.5863,-174.260341,60.5862,-73.043186,-19.606099999999998,-101.949695,-18.999899999999997,-101.217155
20551,37.1687,-191.886933,37.7214,-194.44839,62.185500000000005,-75.85968499999998,-25.016800000000003,-116.02724800000001,-24.464100000000002,-118.588705
20552,37.8521,-190.166183,38.6824,-192.006202,59.6928,-87.81896,-21.8407,-102.34722299999999,-21.010399999999997,-104.187242
20553,37.9429,-210.365117,38.3307,-201.735002,61.680899999999994,-80.92914200000003,-23.737999999999992,-129.43597499999998,-23.350199999999994,-120.80585999999998
20554,30.3284,-252.619402,31.3921,-247.50951,58.7538,-71.84152499999998,-28.4254,-180.77787700000005,-27.3617,-175.66798500000004
20555,36.108,-204.52085399999999,37.075900000000004,-196.706774,59.336299999999994,-83.18557799999999,-23.228299999999997,-121.335276,-22.26039999999999,-113.521196
20556,36.063900000000004,-188.667529,36.1103,-188.170895,63.1536,-66.25298500000001,-27.089699999999993,-122.41454399999999,-27.043299999999995,-121.91790999999999
20557,39.3544,-214.056704,39.159499999999994,-217.232091,61.2351,-87.246184,-21.880700000000004,-126.81052,-22.07560000000001,-129.985907
20558,30.5559,-256.16112,32.6132,-244.219986,62.6734,-70.68459100000004,-32.1175,-185.47652899999994,-30.060200000000002,-173.53539499999997
20559,38.3561,-212.43903,39.0759,-206.782258,61.4079,-78.449864,-23.0518,-133.989166,-22.332,-128.33239400000002
20560,36.6922,-191.460392,36.4567,-191.483354,58.9026,-87.687443,-22.2104,-103.77294900000001,-22.4459,-103.79591099999999
20561,38.5779,-192.334589,38.9056,-187.061568,59.7779,-65.78730300000001,-21.200000000000003,-126.54728599999999,-20.872300000000003,-121.27426499999999
20562,41.2887,-195.156992,40.15,-196.696076,59.620400000000004,-65.37865599999999,-18.331700000000005,-129.77833600000002,-19.470400000000005,-131.31742000000003
20563,37.8023,-217.908318,38.123599999999996,-216.099938,59.7178,-75.815574,-21.915499999999994,-142.092744,-21.5942,-140.284364
20564,34.4795,-193.447885,41.5418,-177.690687,60.0257,-65.91403300000002,-25.5462,-127.533852,-18.4839,-111.77665399999998
20565,35.9325,-184.653575,35.82,-184.165665,55.922700000000006,-91.85397400000001,-19.99020000000001,-92.79960099999998,-20.102700000000006,-92.31169099999998
20566,39.3755,-196.362823,39.2668,-197.955094,59.245999999999995,-77.39401999999998,-19.870499999999993,-118.96880300000001,-19.97919999999999,-120.56107400000002
20567,37.795500000000004,-212.86925399999998,38.0089,-209.27371,60.7753,-66.80629700000001,-22.979799999999997,-146.06295699999998,-22.766400000000004,-142.46741299999996
20568,38.519,-194.379513,38.6328,-193.33954,61.327,-73.33476600000002,-22.808,-121.04474699999999,-22.694199999999995,-120.00477399999998
20569,38.6344,-196.871941,38.6225,-197.198286,60.339,-77.92217099999999,-21.7046,-118.94977,-21.716499999999996,-119.276115
20570,37.2182,-226.129809,36.3087,-231.225156,61.1211,-72.96590100000002,-23.902899999999995,-153.163908,-24.812399999999997,-158.259255
20571,36.2642,-198.860609,37.7555,-195.542415,60.4052,-78.37720799999998,-24.141,-120.48340100000003,-22.649700000000003,-117.16520700000002
20572,40.5253,-181.778592,39.6723,-185.55786,60.4632,-74.897223,-19.9379,-106.881369,-20.7909,-110.66063700000001
20573,38.601,-182.29948,39.6301,-177.831915,49.9474,-114.38119899999998,-11.346400000000003,-67.91828100000001,-10.317300000000003,-63.45071600000003
20574,34.7739,-218.423562,41.2287,-186.460152,61.3463,-71.294385,-26.572400000000002,-147.129177,-20.117599999999996,-115.16576699999999
20575,36.2655,-190.721808,36.2368,-191.14443,59.067499999999995,-83.68534499999998,-22.801999999999992,-107.03646300000003,-22.830699999999993,-107.45908500000002
20576,36.3882,-200.193981,36.2247,-200.829196,59.3152,-73.89113500000002,-22.927,-126.30284599999999,-23.0905,-126.93806099999998
20577,38.6359,-199.016385,37.834,-205.551424,62.516600000000004,-82.05983799999998,-23.880700000000004,-116.95654700000003,-24.6826,-123.49158600000001
20578,38.764,-186.798055,37.675200000000004,-197.685612,59.921800000000005,-75.796764,-21.1578,-111.00129100000001,-22.2466,-121.888848
20579,36.437799999999996,-227.628225,36.476,-229.271059,60.3434,-74.08743800000002,-23.905600000000007,-153.54078699999997,-23.867400000000004,-155.183621
20580,37.8612,-206.17884899999999,37.3126,-211.463752,61.526300000000006,-67.67226000000002,-23.66510000000001,-138.50658899999996,-24.213700000000003,-143.79149199999998
20581,36.618700000000004,-205.416597,36.3574,-208.15275,62.001599999999996,-60.70036500000001,-25.382899999999992,-144.716232,-25.644199999999998,-147.452385
20582,38.2864,-194.143721,38.3736,-199.039802,59.280100000000004,-75.24944400000001,-20.993700000000004,-118.89427699999999,-20.9065,-123.790358
20583,36.3012,-186.635289,36.0909,-197.41556,59.5935,-68.61249199999999,-23.292299999999997,-118.02279700000001,-23.5026,-128.803068
20584,37.5029,-214.718649,33.2986,-227.513624,60.71170000000001,-64.96181300000002,-23.20880000000001,-149.75683599999996,-27.413100000000007,-162.551811
20585,38.8011,-170.218059,37.9882,-185.083311,61.351699999999994,-66.921137,-22.550599999999996,-103.29692200000001,-23.363499999999995,-118.16217400000001
20586,38.1728,-226.311391,38.1314,-223.723756,60.6281,-71.180725,-22.4553,-155.130666,-22.496700000000004,-152.543031
20587,36.5741,-171.766691,36.832499999999996,-171.983589,60.0261,-76.30036700000004,-23.451999999999998,-95.46632399999997,-23.193600000000004,-95.68322199999996
20588,35.033500000000004,-190.478089,34.961600000000004,-193.150773,60.3926,-70.33355800000002,-25.359099999999998,-120.14453099999999,-25.430999999999997,-122.81721499999996
20589,36.6837,-215.439482,35.746,-225.520582,57.7909,-77.92997599999995,-21.1072,-137.50950600000004,-22.0449,-147.59060600000004
20590,39.062,-184.657347,40.4196,-186.627965,62.6726,-68.754478,-23.610600000000005,-115.90286899999998,-22.253,-117.87348699999998
20591,42.462,-187.681843,39.5651,-198.846656,60.9179,-91.47537800000002,-18.4559,-96.20646499999997,-21.352800000000002,-107.37127799999998
20592,38.3883,-201.807667,39.7636,-198.764363,59.1103,-69.18813,-20.722,-132.619537,-19.346700000000006,-129.576233
20593,39.327799999999996,-200.90799,39.004400000000004,-203.696581,58.2367,-75.72697900000001,-18.908900000000003,-125.181011,-19.232299999999995,-127.969602
20594,39.047200000000004,-183.773268,40.5349,-175.10114,59.3708,-75.61501899999999,-20.3236,-108.15824900000001,-18.835900000000002,-99.486121
20595,38.1329,-185.680964,36.7796,-197.282752,47.2736,-122.77451600000002,-9.140700000000002,-62.90644799999997,-10.494,-74.50823599999997
20596,38.7677,-214.433401,38.7474,-214.107522,59.6037,-78.272875,-20.836000000000006,-136.160526,-20.856300000000005,-135.834647
20597,39.068799999999996,-221.588142,39.7386,-215.11478400000001,59.6635,-72.206962,-20.594700000000003,-149.38118,-19.9249,-142.907822
20598,37.6087,-191.704344,38.085899999999995,-191.293443,62.058099999999996,-62.83258099999998,-24.449399999999997,-128.87176300000002,-23.9722,-128.46086200000002
20599,40.4073,-194.204886,40.495,-195.348257,58.0389,-89.532399,-17.6316,-104.67248699999999,-17.5439,-105.81585799999999
20600,38.3036,-196.172598,37.2291,-188.777906,59.952,-71.495814,-21.648399999999995,-124.676784,-22.722899999999996,-117.282092
20601,36.8558,-218.433553,37.7466,-212.103849,59.9487,-70.26212499999998,-23.0929,-148.171428,-22.2021,-141.841724
20602,34.0524,-230.890925,33.7534,-228.706656,60.4189,-86.38397800000004,-26.366500000000002,-144.50694699999997,-26.6655,-142.32267799999997
20603,38.7883,-173.61568,38.3779,-180.897695,59.456900000000005,-72.19164299999997,-20.668600000000005,-101.42403700000003,-21.079000000000008,-108.70605200000003
20604,36.2796,-208.840538,34.81,-213.117669,58.458600000000004,-74.05489700000001,-22.179000000000002,-134.785641,-23.648600000000002,-139.062772
20605,39.6356,-196.996614,41.550399999999996,-183.698091,58.275999999999996,-65.48525599999998,-18.6404,-131.51135800000003,-16.7256,-118.21283500000003
20606,39.1866,-207.12769,39.5163,-207.61087799999999,60.3116,-75.134678,-21.125,-131.99301200000002,-20.795299999999997,-132.4762
20607,38.611,-214.805692,40.028,-212.139702,60.507999999999996,-79.44834299999997,-21.897,-135.35734900000003,-20.479999999999997,-132.69135900000003
20608,39.4426,-204.921748,37.9833,-206.659933,60.0616,-69.446052,-20.619,-135.47569600000003,-22.0783,-137.21388100000001
20609,38.5869,-183.134836,37.934,-187.558958,62.0626,-69.47735700000001,-23.475700000000003,-113.657479,-24.128600000000006,-118.08160099999998
20610,35.951499999999996,-176.932959,35.5804,-187.146199,60.2378,-73.763085,-24.286300000000004,-103.16987400000001,-24.657400000000003,-113.38311399999999
20611,39.798500000000004,-195.03043,37.8096,-199.30243,59.782000000000004,-69.619915,-19.9835,-125.41051499999999,-21.9724,-129.68251499999997
20612,35.6199,-218.679981,35.1813,-209.814925,59.573499999999996,-67.63089900000001,-23.953599999999994,-151.049082,-24.392199999999995,-142.18402599999996
20613,38.8531,-197.900953,39.5282,-200.833231,58.5552,-78.57386900000003,-19.7021,-119.32708399999996,-19.027,-122.25936199999998
20614,39.2619,-197.400015,39.5998,-199.373635,59.797200000000004,-88.41331199999999,-20.535300000000007,-108.986703,-20.197400000000002,-110.96032300000002
20615,40.0589,-202.46367,40.1877,-196.10137699999999,59.2366,-82.04178799999997,-19.1777,-120.42188200000004,-19.048900000000003,-114.05958900000002
20616,38.515100000000004,-179.359034,40.3558,-176.716327,60.1161,-75.889976,-21.601,-103.469058,-19.7603,-100.826351
20617,38.9731,-191.534441,38.717,-189.071744,58.6044,-70.92709299999999,-19.631299999999996,-120.607348,-19.8874,-118.14465100000001
20618,37.0508,-227.327379,36.3405,-227.498055,59.2585,-83.14136099999997,-22.207699999999996,-144.18601800000005,-22.918,-144.356694
20619,28.2209,-274.044505,29.3662,-267.543588,59.1553,-81.218022,-30.934399999999997,-192.826483,-29.789099999999998,-186.32556599999998
20620,36.5751,-224.449738,36.1303,-223.178102,59.29050000000001,-77.71420000000002,-22.71540000000001,-146.73553799999996,-23.16020000000001,-145.46390199999996
20621,37.815200000000004,-205.414717,38.2675,-204.367042,56.9948,-87.63441399999999,-19.179599999999994,-117.780303,-18.7273,-116.732628
20622,36.4199,-181.651689,36.3654,-187.279746,65.6289,-60.02561200000001,-29.209000000000003,-121.626077,-29.2635,-127.25413399999998
20623,36.6062,-211.050075,37.2334,-202.861746,59.641099999999994,-85.76845899999996,-23.034899999999993,-125.28161600000003,-22.40769999999999,-117.09328700000005
20624,36.8575,-190.204335,37.2102,-191.223252,60.1841,-70.790571,-23.3266,-119.41376399999999,-22.9739,-120.432681
20625,38.7572,-184.039313,37.1479,-193.276114,58.4577,-79.99589099999999,-19.700500000000005,-104.043422,-21.309800000000003,-113.28022300000002
20626,38.2002,-172.793651,39.3758,-179.967736,61.5055,-68.256128,-23.305299999999995,-104.53752300000001,-22.1297,-111.711608
20627,42.591300000000004,-176.957738,41.594300000000004,-173.096578,60.9238,-74.85110599999997,-18.332499999999996,-102.10663200000003,-19.329499999999996,-98.24547200000002
20628,36.623400000000004,-195.173516,37.418800000000005,-201.763407,60.25,-71.68347299999998,-23.626599999999996,-123.49004300000003,-22.831199999999995,-130.07993400000004
20629,39.4152,-210.055075,39.8785,-207.624985,61.806799999999996,-73.463526,-22.391599999999997,-136.591549,-21.928299999999993,-134.161459
20630,37.2149,-198.777169,36.7138,-192.955403,61.004599999999996,-85.90701800000001,-23.789699999999996,-112.87015099999998,-24.290799999999997,-107.04838499999998
20631,38.7708,-204.715882,39.082899999999995,-211.338565,59.2795,-69.190912,-20.508699999999997,-135.52497,-20.196600000000004,-142.147653
20632,39.0603,-198.443688,38.3684,-202.129428,60.0238,-83.33522399999998,-20.963500000000003,-115.10846400000003,-21.6554,-118.79420400000001
20633,39.3113,-205.887699,39.1174,-203.07379,56.4893,-101.081549,-17.177999999999997,-104.80615,-17.371899999999997,-101.992241
20634,37.789699999999996,-203.742109,38.613,-206.925719,59.5983,-65.512627,-21.808600000000006,-138.22948200000002,-20.985300000000002,-141.413092
20635,39.8606,-203.037298,39.985299999999995,-206.492106,61.5505,-68.65708800000002,-21.6899,-134.38020999999998,-21.565200000000004,-137.835018
20636,38.1148,-185.119483,37.1943,-193.990604,60.4535,-71.81095599999999,-22.338699999999996,-113.30852700000001,-23.2592,-122.179648
20637,38.2637,-192.719028,37.8614,-197.512586,58.655199999999994,-89.461946,-20.391499999999994,-103.25708200000001,-20.79379999999999,-108.05064
20638,40.2913,-190.932896,39.8028,-192.236879,59.271699999999996,-68.10254200000003,-18.980399999999996,-122.83035399999997,-19.468899999999998,-124.13433699999996
20639,38.3598,-185.67452,39.0821,-184.185051,60.413799999999995,-71.565163,-22.053999999999995,-114.109357,-21.331699999999998,-112.61988799999999
20640,37.1018,-194.414714,38.9114,-182.900256,58.53189999999999,-70.19050999999999,-21.430099999999996,-124.22420400000001,-19.620499999999993,-112.70974600000002
20641,37.4083,-193.419281,37.199799999999996,-198.186637,61.8018,-72.91525199999998,-24.393500000000003,-120.50402900000003,-24.602000000000004,-125.27138500000001
20642,37.5428,-220.08454,37.6422,-221.757999,58.319100000000006,-81.75249000000002,-20.776300000000006,-138.33204999999998,-20.676900000000003,-140.005509
20643,35.5094,-226.13345999999999,33.3846,-239.011874,61.538799999999995,-74.13445799999998,-26.029399999999995,-151.99900200000002,-28.154199999999996,-164.87741600000004
20644,39.2377,-207.536524,38.7153,-212.761374,61.34010000000001,-63.38877399999998,-22.10240000000001,-144.14775,-22.624800000000008,-149.3726
20645,36.9029,-196.339538,36.5356,-191.038989,61.592299999999994,-63.839738000000025,-24.689399999999992,-132.4998,-25.056699999999992,-127.19925099999996
20646,36.2925,-203.594676,35.845,-201.922886,60.7243,-71.16201699999999,-24.431800000000003,-132.432659,-24.8793,-130.760869
20647,40.7588,-196.253157,39.6572,-198.024053,61.606,-61.51371399999999,-20.8472,-134.739443,-21.9488,-136.51033900000002
20648,36.9375,-227.567391,35.9261,-232.573503,59.5257,-72.06657700000001,-22.5882,-155.500814,-23.599600000000002,-160.50692599999996
20649,38.909800000000004,-209.960897,38.682,-212.271621,61.6329,-62.288809,-22.723099999999995,-147.67208799999997,-22.950899999999997,-149.98281200000002
20650,36.107,-179.369165,35.9696,-178.201211,58.815200000000004,-70.21443,-22.708200000000005,-109.15473500000002,-22.845600000000005,-107.98678100000001
20651,34.9003,-230.077629,36.6297,-216.015995,60.3511,-64.585048,-25.4508,-165.492581,-23.721400000000003,-151.430947
20652,38.5347,-212.399934,37.8331,-217.641285,62.272499999999994,-78.27639299999998,-23.737799999999993,-134.12354100000002,-24.439399999999992,-139.36489200000003
20653,39.5028,-206.911745,39.2712,-199.477119,58.0326,-81.642081,-18.5298,-125.26966399999999,-18.761400000000002,-117.83503799999998
20654,36.5854,-199.08267,35.9316,-200.904999,60.699,-81.91556499999999,-24.113599999999998,-117.16710500000002,-24.767399999999995,-118.98943400000002
20655,40.8027,-198.251772,39.903800000000004,-206.976721,63.2714,-61.934378,-22.4687,-136.31739399999998,-23.367599999999996,-145.042343
20656,38.571,-210.895971,39.7943,-209.732803,61.2123,-65.80809199999999,-22.6413,-145.08787900000002,-21.418,-143.924711
20657,40.834,-194.659908,41.6324,-187.967559,60.7959,-66.316782,-19.9619,-128.34312599999998,-19.163500000000006,-121.65077699999999
20658,36.0929,-195.416615,36.2746,-203.75596,58.4925,-73.873519,-22.3996,-121.543096,-22.2179,-129.88244099999997
20659,38.1214,-200.139367,37.2911,-202.620625,59.6835,-63.325940000000024,-21.5621,-136.81342699999996,-22.392400000000002,-139.29468499999996
20660,39.9394,-165.132667,38.400099999999995,-185.569009,59.3076,-80.80902799999997,-19.3682,-84.32363900000003,-20.907500000000006,-104.75998100000002
20661,37.7843,-187.073197,37.7814,-186.327662,59.8678,-92.38856699999998,-22.0835,-94.68463000000001,-22.086400000000005,-93.93909500000002
20662,37.4217,-199.332362,36.7615,-203.49863,58.3368,-82.05634,-20.915099999999995,-117.27602199999998,-21.5753,-121.44228999999999
20663,39.3631,-204.382977,39.9536,-202.852767,60.7297,-71.158793,-21.3666,-133.224184,-20.7761,-131.693974
20664,36.6338,-215.822114,36.3754,-220.452071,57.8617,-83.48464699999998,-21.227899999999998,-132.337467,-21.4863,-136.967424
20665,33.3229,-212.704199,34.6865,-208.096611,60.7638,-82.73472200000002,-27.440900000000006,-129.96947699999998,-26.0773,-125.36188899999998
20666,38.7268,-214.408397,37.9471,-214.396018,59.8845,-64.07505700000002,-21.157700000000006,-150.33334,-21.937400000000004,-150.32096099999998
20667,40.2948,-188.715523,39.422399999999996,-197.286273,58.8018,-65.38543299999998,-18.506999999999998,-123.33009000000001,-19.379400000000004,-131.90084000000002
20668,38.9493,-196.928255,39.8519,-189.83612,60.5001,-76.26208100000004,-21.550800000000002,-120.66617399999997,-20.648200000000003,-113.57403899999996
20669,42.1064,-189.594795,41.8091,-194.775733,59.5908,-75.94033200000001,-17.4844,-113.65446299999999,-17.7817,-118.83540099999999
20670,35.9998,-186.235254,37.2113,-194.974956,61.07940000000001,-77.00880799999999,-25.079600000000006,-109.22644600000001,-23.868100000000005,-117.966148
20671,35.5937,-188.524846,36.3501,-180.760938,60.449299999999994,-72.70877000000002,-24.855599999999995,-115.81607599999998,-24.099199999999996,-108.052168
20672,40.2372,-194.319975,39.582300000000004,-195.182232,60.0404,-75.68293399999999,-19.803199999999997,-118.63704100000001,-20.458099999999995,-119.49929800000001
20673,37.024699999999996,-190.162915,35.8351,-190.677401,62.9292,-73.60794000000001,-25.904500000000006,-116.55497499999998,-27.094100000000005,-117.06946099999999
20674,36.992999999999995,-195.015471,35.2526,-203.697085,60.9966,-70.822876,-24.003600000000006,-124.192595,-25.744,-132.874209
20675,39.4371,-201.957834,37.0684,-207.287546,58.1905,-88.93082700000002,-18.7534,-113.02700699999997,-21.122100000000003,-118.35671899999997
20676,37.962199999999996,-222.87496099999998,38.0132,-227.776686,60.2693,-76.01668199999997,-22.307100000000005,-146.858279,-22.256100000000004,-151.76000400000004
20677,37.0403,-182.865671,36.8647,-179.450418,60.3907,-70.655513,-23.3504,-112.21015799999999,-23.526000000000003,-108.79490500000001
20678,36.1602,-198.780763,36.064,-191.865557,58.75,-75.68786500000003,-22.589799999999997,-123.09289799999998,-22.686,-116.17769199999996
20679,36.2265,-208.914229,34.8394,-214.095374,59.5395,-77.41427,-23.312999999999995,-131.499959,-24.7001,-136.681104
20680,38.734899999999996,-196.849535,38.2128,-207.313684,58.886799999999994,-77.94156700000003,-20.151899999999998,-118.90796799999997,-20.673999999999992,-129.37211699999995
20681,35.8189,-199.199002,36.8631,-193.687682,56.3922,-85.739926,-20.573300000000003,-113.45907600000001,-19.5291,-107.947756
20682,38.262,-184.488134,37.0119,-196.571726,60.175799999999995,-80.95903200000002,-21.913799999999995,-103.52910199999998,-23.163899999999998,-115.61269399999999
20683,37.1992,-232.88443999999998,36.2635,-231.65935,58.9625,-71.769986,-21.7633,-161.11445399999997,-22.698999999999998,-159.889364
20684,37.0284,-177.500095,37.7743,-180.602765,60.631099999999996,-72.005681,-23.6027,-105.49441399999999,-22.8568,-108.59708400000001
20685,40.3,-210.86025,38.0292,-216.25709,58.327,-73.31861900000006,-18.027,-137.54163099999994,-20.297799999999995,-142.93847099999994
20686,39.6546,-189.772145,40.3236,-191.45239,61.8507,-69.827296,-22.1961,-119.94484899999999,-21.527100000000004,-121.625094
20687,38.5333,-211.645264,37.9121,-206.649048,60.2686,-69.31619599999999,-21.735300000000002,-142.329068,-22.356499999999997,-137.332852
20688,38.394,-223.667369,37.7356,-227.500767,61.4393,-61.90842799999999,-23.045300000000005,-161.75894100000002,-23.703700000000005,-165.592339
20689,37.8788,-203.813179,38.1048,-195.918315,57.9293,-79.39116700000001,-20.0505,-124.42201199999998,-19.8245,-116.527148
20690,36.0634,-194.887435,38.5154,-180.241463,52.506299999999996,-100.23788099999994,-16.442899999999995,-94.64955400000007,-13.990899999999996,-80.00358200000007
20691,33.3219,-239.818717,34.0299,-237.257018,58.9232,-68.069783,-25.601300000000002,-171.748934,-24.893300000000004,-169.187235
20692,40.015100000000004,-194.03368,39.4087,-189.529947,57.5756,-84.63913900000001,-17.560499999999998,-109.39454099999999,-18.1669,-104.89080799999998
20693,43.8219,-167.349278,43.2247,-167.082141,60.04429999999999,-75.39154300000001,-16.222399999999993,-91.95773499999999,-16.819599999999994,-91.690598
20694,39.399100000000004,-178.291597,37.7536,-187.366158,60.92,-71.42097700000001,-21.520899999999997,-106.87061999999999,-23.166400000000003,-115.945181
20695,38.996,-209.81410400000001,39.4756,-206.875642,61.4162,-76.138267,-22.4202,-133.675837,-21.940600000000003,-130.737375
20696,37.1798,-208.933091,34.8112,-207.836466,60.268699999999995,-73.76525099999999,-23.088899999999995,-135.16784,-25.457499999999996,-134.071215
20697,37.7585,-185.68884,37.2345,-191.624741,59.0171,-70.20703800000001,-21.2586,-115.48180199999999,-21.782600000000002,-121.41770299999999
20698,36.0897,-201.844482,36.8332,-207.901634,60.6117,-67.25721999999999,-24.522,-134.587262,-23.7785,-140.644414
20699,37.7312,-188.757188,37.2726,-197.080748,60.4655,-69.430358,-22.734299999999998,-119.32683000000002,-23.1929,-127.65039
20700,36.6297,-224.151015,36.0225,-216.718881,54.4099,-95.96942200000001,-17.7802,-128.181593,-18.3874,-120.749459
20701,36.809200000000004,-208.190043,38.4016,-190.102454,59.427499999999995,-92.20308,-22.61829999999999,-115.986963,-21.025899999999993,-97.899374
20702,37.8074,-192.897218,38.7318,-196.889961,59.1356,-74.57511199999999,-21.328199999999995,-118.32210600000002,-20.403799999999997,-122.31484900000001
20703,36.5402,-213.88858199999999,36.3637,-213.05803699999998,59.9829,-77.488657,-23.442700000000002,-136.399925,-23.6192,-135.56937999999997
20704,37.4309,-210.688848,37.306,-215.347613,59.7855,-73.734781,-22.354599999999998,-136.954067,-22.4795,-141.612832
20705,39.734700000000004,-185.072018,40.3381,-180.66358,59.1405,-93.84616199999996,-19.4058,-91.22585600000005,-18.802400000000006,-86.81741800000003
20706,37.2114,-212.428221,38.0174,-205.42541599999998,59.090500000000006,-72.38839200000002,-21.879100000000008,-140.039829,-21.073100000000004,-133.03702399999997
20707,38.7364,-211.992871,38.3172,-208.672925,56.6477,-84.98459400000002,-17.911299999999997,-127.00827699999999,-18.3305,-123.68833099999998
20708,36.418,-192.387511,36.372,-194.546989,59.562200000000004,-66.94574300000001,-23.144200000000005,-125.44176799999998,-23.190200000000004,-127.60124599999999
20709,39.5683,-195.96523,39.709,-199.431909,61.1451,-81.50008399999997,-21.5768,-114.46514600000002,-21.436099999999996,-117.93182500000002
20710,38.9523,-218.597516,38.5928,-226.983632,58.4316,-84.52654899999999,-19.479300000000002,-134.07096700000002,-19.838800000000006,-142.457083
20711,37.6144,-196.41451899999998,35.6399,-199.562262,54.7789,-89.67840199999995,-17.164499999999997,-106.73611700000004,-19.139000000000003,-109.88386000000006
20712,37.2823,-197.996511,37.4732,-200.040443,60.132400000000004,-68.75199200000002,-22.850100000000005,-129.24451899999997,-22.659200000000006,-131.288451
20713,33.3588,-238.315183,33.6381,-235.457559,58.5881,-86.00865200000001,-25.229299999999995,-152.30653099999998,-24.949999999999996,-149.448907
20714,36.1173,-189.64207,38.061,-182.511719,58.546800000000005,-84.91399099999998,-22.429500000000004,-104.72807900000001,-20.485800000000005,-97.59772800000002
20715,36.9562,-187.134649,37.1656,-180.424272,60.363,-67.74631,-23.406799999999997,-119.388339,-23.197400000000002,-112.67796200000001
20716,34.0923,-213.941899,34.2162,-208.220003,58.2836,-89.00899400000003,-24.1913,-124.93290499999998,-24.0674,-119.21100899999996
20717,35.325,-185.498393,35.8468,-183.024432,58.552800000000005,-71.68489999999998,-23.227800000000002,-113.81349300000001,-22.706000000000003,-111.339532
20718,38.872299999999996,-189.39332,38.4084,-187.171669,60.9346,-70.77373300000001,-22.062300000000008,-118.61958699999998,-22.526200000000003,-116.397936
20719,40.7025,-188.903185,39.8361,-193.71182100000001,57.754599999999996,-89.76846599999999,-17.052099999999996,-99.13471900000002,-17.918499999999995,-103.94335500000003
20720,37.7658,-192.625327,38.0672,-190.5396,57.5064,-80.39055199999999,-19.7406,-112.23477500000001,-19.4392,-110.14904800000002
20721,39.8712,-173.495206,39.9425,-172.370138,60.717699999999994,-69.63543399999998,-20.846499999999992,-103.85977200000002,-20.77519999999999,-102.73470400000002
20722,43.3789,-169.187317,41.1822,-180.783593,58.9566,-86.54092400000002,-15.5777,-82.64639299999999,-17.7744,-94.24266899999998
20723,39.531000000000006,-199.548967,40.7709,-196.975541,59.4963,-73.389712,-19.965299999999992,-126.159255,-18.7254,-123.58582899999999
20724,38.9241,-173.393647,37.3951,-176.432823,60.183800000000005,-78.672707,-21.259700000000002,-94.72093999999998,-22.788700000000006,-97.76011600000001
20725,39.4206,-182.844375,37.6954,-182.436112,62.397499999999994,-77.74905300000002,-22.976899999999993,-105.095322,-24.702099999999994,-104.68705899999999
20726,37.1553,-210.838245,38.3654,-210.255813,60.5653,-84.58058199999999,-23.410000000000004,-126.25766300000001,-22.1999,-125.675231
20727,40.483399999999996,-188.472657,42.1158,-186.634914,62.406,-65.13310200000001,-21.922600000000003,-123.33955499999999,-20.2902,-121.501812
20728,38.4171,-189.299116,38.8454,-188.925661,60.1057,-68.761503,-21.6886,-120.537613,-21.2603,-120.16415799999999
20729,37.1516,-205.025614,35.8102,-210.888839,60.4058,-73.88278400000002,-23.254199999999997,-131.14282999999998,-24.595599999999997,-137.00605499999998
20730,38.300399999999996,-194.868761,38.5623,-195.15388099999998,60.0924,-66.36531399999998,-21.792,-128.50344700000002,-21.530099999999997,-128.788567
20731,35.8915,-200.451893,35.561499999999995,-202.833936,60.5361,-76.85016900000001,-24.644599999999997,-123.601724,-24.974600000000002,-125.98376699999999
20732,35.1555,-226.767983,32.772400000000005,-222.882552,57.741299999999995,-80.167989,-22.585799999999992,-146.59999399999998,-24.96889999999999,-142.714563
20733,38.0006,-179.632629,37.338499999999996,-170.259611,61.0642,-82.39867900000002,-23.0636,-97.23395,-23.725700000000003,-87.86093199999999
20734,38.4789,-217.280497,39.7501,-225.288779,58.463499999999996,-80.76908,-19.984599999999993,-136.511417,-18.713399999999993,-144.519699
20735,36.1071,-184.970804,36.1551,-186.297948,58.4607,-83.438024,-22.3536,-101.53277999999999,-22.305600000000005,-102.85992399999999
20736,37.7076,-207.214449,37.048,-215.127153,59.7577,-71.19343599999998,-22.0501,-136.02101300000004,-22.709699999999998,-143.933717
20737,37.3295,-185.941795,38.1034,-184.341172,63.5168,-64.95743100000001,-26.1873,-120.984364,-25.413400000000003,-119.38374099999999
20738,40.0189,-207.365694,40.2344,-201.497764,59.6423,-85.01605200000002,-19.623399999999997,-122.34964199999997,-19.407899999999998,-116.48171199999997
20739,41.0944,-200.851281,41.9331,-192.276841,63.1218,-74.77571700000003,-22.0274,-126.07556399999997,-21.188699999999997,-117.50112399999996
20740,38.5124,-200.730045,38.5756,-194.553106,59.2467,-90.58311599999999,-20.734299999999998,-110.146929,-20.671099999999996,-103.96999000000002
20741,36.7725,-181.488866,37.2954,-192.718107,60.9838,-67.94281599999998,-24.2113,-113.54605000000002,-23.6884,-124.77529100000002
20742,36.7243,-179.704417,36.4237,-175.561187,60.1021,-72.35746999999998,-23.3778,-107.34694700000003,-23.678400000000003,-103.20371700000001
20743,39.2802,-209.274154,39.2636,-207.341914,62.10039999999999,-71.91878399999999,-22.820199999999993,-137.35537000000002,-22.836799999999997,-135.42313000000001
20744,39.9656,-181.939043,40.0642,-182.140007,61.1145,-64.787804,-21.148899999999998,-117.151239,-21.0503,-117.352203
20745,39.2935,-185.223789,38.5719,-185.562316,59.3549,-91.31098000000003,-20.0614,-93.91280899999998,-20.783,-94.25133599999998
20746,40.2159,-201.700599,40.76,-195.506312,56.062200000000004,-90.94519200000003,-15.846300000000006,-110.75540699999998,-15.302200000000006,-104.56111999999997
20747,35.9649,-201.034436,36.1963,-207.056608,60.9338,-81.644566,-24.968899999999998,-119.38987,-24.737499999999997,-125.41204200000001
20748,39.9386,-171.418454,37.3704,-185.77630200000002,60.039699999999996,-72.26081799999997,-20.101099999999995,-99.15763600000002,-22.6693,-113.51548400000004
20749,38.5919,-191.987383,37.2518,-191.218158,59.6071,-80.97749300000004,-21.0152,-111.00988999999996,-22.3553,-110.24066499999995
20750,38.7098,-190.163889,39.5409,-197.256738,62.875299999999996,-68.07717200000002,-24.165499999999994,-122.086717,-23.334399999999995,-129.179566
20751,41.8678,-198.642524,41.317899999999995,-200.875153,60.393299999999996,-72.52820700000001,-18.525499999999994,-126.114317,-19.075400000000002,-128.346946
20752,38.1346,-210.328282,37.6671,-210.249159,60.5193,-72.826503,-22.384700000000002,-137.501779,-22.852200000000003,-137.422656
20753,41.2141,-191.389993,40.649499999999996,-189.100801,61.966,-68.33007799999999,-20.7519,-123.05991500000002,-21.316500000000005,-120.770723
20754,37.9358,-186.139937,37.821600000000004,-183.629273,62.681700000000006,-71.412495,-24.745900000000006,-114.727442,-24.860100000000003,-112.216778
20755,37.334,-196.497586,37.335499999999996,-196.49399,59.6101,-70.33552000000002,-22.2761,-126.162066,-22.274600000000007,-126.15846999999998
20756,39.4061,-207.497945,40.0905,-199.101941,59.383700000000005,-68.91868899999999,-19.977600000000002,-138.579256,-19.293200000000006,-130.18325200000004
20757,37.1327,-175.068913,36.9678,-182.526625,58.861900000000006,-70.28769799999999,-21.729200000000006,-104.78121500000002,-21.89410000000001,-112.238927
20758,38.6242,-193.373741,39.109,-186.636225,57.9317,-79.53075700000001,-19.307499999999997,-113.84298399999999,-18.822699999999998,-107.10546799999999
20759,37.591499999999996,-213.745305,37.6299,-216.205092,60.1135,-81.66051299999998,-22.522000000000006,-132.08479200000002,-22.483600000000003,-134.54457900000003
20760,33.5412,-241.109034,34.7367,-231.295241,60.39789999999999,-78.96371900000001,-26.85669999999999,-162.14531499999998,-25.661199999999994,-152.331522
20761,37.6189,-190.057668,37.835899999999995,-190.530032,61.605199999999996,-70.11544199999999,-23.9863,-119.94222600000002,-23.7693,-120.41459000000002
20762,38.114599999999996,-185.28363099999999,38.2502,-187.633646,62.462,-74.84187999999999,-24.347400000000007,-110.441751,-24.211800000000004,-112.79176600000001
20763,38.150800000000004,-195.851407,36.8853,-194.630067,60.784000000000006,-71.64621199999998,-22.633200000000002,-124.20519500000002,-23.898700000000005,-122.98385500000002
20764,37.6004,-210.567408,41.2583,-181.392819,60.275400000000005,-66.72524,-22.675000000000004,-143.84216800000002,-19.017100000000006,-114.667579
20765,40.634699999999995,-202.632347,40.7313,-193.061238,59.4484,-76.53630999999999,-18.813700000000004,-126.09603700000002,-18.717100000000002,-116.52492800000002
20766,37.3481,-229.71269,36.1256,-233.854328,55.5759,-85.94609400000002,-18.227799999999995,-143.766596,-19.4503,-147.908234
20767,36.7537,-219.257411,41.5313,-193.535263,58.034800000000004,-76.71041200000002,-21.281100000000002,-142.54699899999997,-16.503500000000003,-116.82485099999997
20768,36.9275,-190.418784,36.9543,-189.056883,61.046499999999995,-71.22659499999997,-24.118999999999993,-119.19218900000001,-24.09219999999999,-117.83028800000002
20769,39.445499999999996,-199.086276,38.6599,-195.599081,58.1411,-77.64971999999999,-18.695600000000006,-121.43655600000001,-19.4812,-117.94936100000002
20770,39.0243,-195.585361,37.4473,-198.70147599999999,59.3112,-66.396791,-20.286900000000003,-129.18857000000003,-21.8639,-132.304685
20771,37.8266,-198.063519,40.8671,-193.631198,52.767399999999995,-104.758857,-14.940799999999996,-93.30466200000001,-11.900299999999994,-88.872341
20772,37.6683,-218.121692,37.9308,-215.636676,61.0631,-71.39879800000001,-23.394799999999996,-146.722894,-23.1323,-144.23787799999997
20773,38.669399999999996,-209.454757,38.802,-211.920164,61.5726,-61.35185199999999,-22.903200000000005,-148.10290500000002,-22.7706,-150.56831200000002
20774,37.4375,-192.897957,37.7325,-197.820215,58.8018,-79.54126800000002,-21.3643,-113.35668899999997,-21.0693,-118.27894699999997
20775,36.6656,-195.49601,37.6262,-186.219649,52.536,-101.92344199999998,-15.870400000000004,-93.57256800000003,-14.909800000000004,-84.29620700000002
20776,38.8154,-218.307528,39.2386,-216.716004,58.7667,-76.01853100000002,-19.951300000000003,-142.28899699999997,-19.528100000000002,-140.69747299999997
20777,41.0638,-184.687447,39.536500000000004,-183.160834,58.8369,-85.153878,-17.7731,-99.53356899999999,-19.300399999999996,-98.00695599999999
20778,40.2124,-192.333636,40.093,-194.62767,61.7556,-65.89415700000004,-21.5432,-126.43947899999998,-21.662599999999998,-128.73351299999996
20779,36.0205,-224.509401,35.4333,-225.88239,59.5923,-83.46495600000002,-23.571800000000003,-141.044445,-24.159,-142.41743399999996
20780,38.1477,-225.861468,39.0152,-210.970597,58.548,-73.717104,-20.4003,-152.144364,-19.5328,-137.253493
20781,39.4993,-179.17983,40.3116,-185.669361,58.078900000000004,-87.42514499999999,-18.579600000000006,-91.75468500000002,-17.767300000000006,-98.24421600000002
20782,39.7233,-205.607605,39.5814,-198.74162,61.1254,-71.66773999999997,-21.402099999999997,-133.93986500000005,-21.543999999999997,-127.07388000000005
20783,39.7233,-173.429244,40.8651,-170.841215,61.6839,-80.642265,-21.9606,-92.78697900000002,-20.818800000000003,-90.19895000000001
20784,41.007600000000004,-207.523278,39.9183,-202.75985599999998,60.7841,-71.051935,-19.7765,-136.471343,-20.8658,-131.707921
20785,38.5319,-187.590127,38.7278,-179.968555,60.7337,-78.34547800000001,-22.2018,-109.24464899999998,-22.005899999999997,-101.623077
20786,38.1293,-215.514962,37.9681,-208.102066,60.6063,-71.93594000000004,-22.476999999999997,-143.57902199999995,-22.638199999999998,-136.16612599999996
20787,38.331199999999995,-185.895294,38.511700000000005,-190.980196,60.2951,-74.90447999999999,-21.963900000000002,-110.99081400000001,-21.783399999999993,-116.07571600000001
20788,40.4564,-214.547572,39.8975,-217.650554,58.2564,-77.11847000000002,-17.799999999999997,-137.429102,-18.3589,-140.532084
20789,36.379799999999996,-213.257753,36.8189,-209.690721,59.7918,-71.849256,-23.412000000000006,-141.408497,-22.972900000000003,-137.841465
20790,36.0406,-249.239255,34.5887,-256.980316,59.694199999999995,-70.01409800000003,-23.653599999999997,-179.22515699999997,-25.105499999999992,-186.96621799999997
20791,31.721,-241.763315,33.7145,-228.639546,58.818,-66.67994900000001,-27.096999999999998,-175.083366,-25.103499999999997,-161.95959699999997
20792,37.6697,-187.977495,37.237300000000005,-192.211677,57.757999999999996,-96.04661800000004,-20.088299999999997,-91.93087699999997,-20.52069999999999,-96.16505899999997
20793,36.6717,-203.333083,39.4692,-191.58805900000002,60.0685,-87.31277899999998,-23.3968,-116.02030400000001,-20.5993,-104.27528000000004
20794,39.2579,-206.665126,39.410799999999995,-203.481019,58.0034,-81.15279699999999,-18.7455,-125.512329,-18.592600000000004,-122.32822200000001
20795,38.644800000000004,-194.209342,37.5802,-196.301614,62.4534,-71.02614299999999,-23.8086,-123.183199,-24.873200000000004,-125.27547100000001
20796,39.2467,-218.159763,39.8618,-214.342024,60.7004,-70.220274,-21.453700000000005,-147.93948899999998,-20.8386,-144.12175000000002
20797,41.169200000000004,-191.780858,42.0354,-188.962377,61.063199999999995,-66.79909999999998,-19.89399999999999,-124.98175800000001,-19.027799999999992,-122.16327700000002
20798,40.1708,-200.763553,39.2288,-206.08978,57.114,-80.201618,-16.943199999999997,-120.561935,-17.885199999999998,-125.888162
20799,39.2589,-204.6678,38.3607,-205.185607,58.662400000000005,-81.60131300000002,-19.403500000000008,-123.06648699999998,-20.301700000000004,-123.58429399999999
20800,35.7364,-179.389916,36.1545,-185.356123,58.7146,-87.17095900000001,-22.978199999999994,-92.21895699999999,-22.5601,-98.18516399999999
20801,39.9202,-166.301416,39.8592,-172.131727,63.747299999999996,-66.99128700000001,-23.827099999999994,-99.31012899999998,-23.888099999999994,-105.14044
20802,36.4437,-238.289525,36.4082,-237.201066,58.4324,-82.08641899999998,-21.9887,-156.20310600000002,-22.0242,-155.11464700000002
20803,40.828,-182.499989,40.9551,-190.618286,60.9375,-73.72409499999999,-20.109499999999997,-108.77589400000001,-19.9824,-116.89419100000002
20804,37.1693,-214.538728,36.9858,-225.811813,60.783199999999994,-77.48148100000003,-23.613899999999994,-137.05724699999996,-23.797399999999996,-148.33033199999997
20805,36.6038,-219.113285,36.408500000000004,-219.820761,60.1951,-77.04658200000002,-23.591299999999997,-142.06670299999996,-23.786599999999993,-142.774179
20806,38.5296,-190.418096,39.1809,-190.463895,59.3702,-68.98669299999999,-20.840599999999995,-121.431403,-20.189299999999996,-121.47720200000002
20807,36.2204,-210.753708,41.3946,-203.98218,61.6493,-70.12360200000002,-25.4289,-140.63010599999996,-20.2547,-133.85857799999997
20808,41.4426,-157.572271,39.978,-165.552306,60.2653,-76.53679499999996,-18.822700000000005,-81.03547600000005,-20.287300000000002,-89.01551100000003
20809,39.9751,-199.064226,39.3742,-202.223283,50.843,-106.37713599999998,-10.867900000000006,-92.68709000000001,-11.468800000000002,-95.84614700000003
20810,39.6587,-200.396345,40.4742,-195.390014,59.9946,-70.810139,-20.335899999999995,-129.586206,-19.520399999999995,-124.579875
20811,37.5674,-173.915335,37.5924,-169.95204999999999,62.909400000000005,-59.50339099999998,-25.342000000000006,-114.41194400000002,-25.317000000000007,-110.448659
20812,38.1367,-201.091954,39.6416,-197.926793,59.3545,-70.59748099999999,-21.217800000000004,-130.494473,-19.712900000000005,-127.32931200000002
20813,40.4525,-212.07554,38.5356,-214.47082,59.322900000000004,-81.53801900000002,-18.870400000000004,-130.53752099999997,-20.787300000000002,-132.93280099999998
20814,34.6634,-236.428279,36.4388,-231.452862,62.8202,-75.53393199999996,-28.156799999999997,-160.89434700000004,-26.3814,-155.91893000000005
20815,37.498000000000005,-192.877389,38.3137,-187.926872,61.977000000000004,-71.42378699999999,-24.479,-121.453602,-23.663300000000007,-116.50308500000001
20816,38.366,-178.178364,38.3608,-176.319213,53.9336,-98.25923800000002,-15.567599999999999,-79.91912599999996,-15.5728,-78.05997499999997
20817,41.2118,-175.249246,40.2234,-179.204813,60.8524,-87.36137099999999,-19.640600000000006,-87.88787500000001,-20.629000000000005,-91.84344200000001
20818,37.3946,-198.815076,39.5501,-199.428302,59.8127,-74.40177900000002,-22.418100000000003,-124.41329699999999,-20.2626,-125.02652299999998
20819,39.4895,-196.124926,39.3041,-190.666744,61.7656,-79.182857,-22.2761,-116.94206899999999,-22.4615,-111.483887
20820,35.3698,-194.463273,35.3551,-194.070432,59.3303,-82.86696100000003,-23.960500000000003,-111.59631199999995,-23.9752,-111.20347099999998
20821,37.739599999999996,-196.282219,38.418099999999995,-194.576309,58.7145,-78.71038400000003,-20.974900000000005,-117.57183499999996,-20.296400000000006,-115.86592499999998
20822,37.5019,-236.661742,38.9451,-226.062567,59.0096,-78.741927,-21.5077,-157.919815,-20.064500000000002,-147.32064
20823,37.6501,-205.402828,39.295500000000004,-201.622173,60.1584,-65.21104899999999,-22.5083,-140.191779,-20.862899999999996,-136.41112400000003
20824,31.4223,-237.150153,31.4023,-238.51091,62.011300000000006,-67.78689600000003,-30.589000000000006,-169.36325699999998,-30.609000000000005,-170.72401399999995
20825,40.1363,-202.18524,39.727199999999996,-202.792394,61.9533,-64.14192400000005,-21.817,-138.04331599999995,-22.226100000000002,-138.65046999999996
20826,34.6182,-186.569128,35.1062,-181.665886,58.7767,-68.46854100000002,-24.158499999999997,-118.10058699999999,-23.670499999999997,-113.19734499999998
20827,37.974199999999996,-223.205328,38.132400000000004,-221.061982,60.225899999999996,-69.627897,-22.2517,-153.577431,-22.09349999999999,-151.43408499999998
20828,38.1441,-184.401013,37.069500000000005,-188.910008,60.6416,-71.32284100000001,-22.497499999999995,-113.078172,-23.572099999999992,-117.587167
20829,38.2391,-202.410101,38.2777,-199.686812,61.3515,-76.531933,-23.1124,-125.878168,-23.0738,-123.15487900000001
20830,35.580600000000004,-203.964239,34.9815,-202.19227800000002,58.4185,-81.80934900000003,-22.837899999999998,-122.15488999999997,-23.437000000000005,-120.38292899999999
20831,39.7404,-181.89377,37.916,-184.90191,60.7839,-63.01142499999998,-21.0435,-118.88234500000002,-22.867900000000006,-121.89048500000001
20832,37.9625,-187.148629,38.567099999999996,-185.201329,58.4651,-67.25493899999998,-20.5026,-119.89369000000002,-19.898000000000003,-117.94639000000001
20833,36.5657,-213.993653,40.621,-193.67553,57.9902,-79.638537,-21.424500000000002,-134.355116,-17.3692,-114.03699300000001
20834,39.5621,-193.152958,39.6817,-193.622561,59.194199999999995,-86.78779899999999,-19.632099999999994,-106.36515900000002,-19.512499999999996,-106.834762
20835,36.5363,-200.862366,38.0077,-198.589567,59.746399999999994,-68.475233,-23.210099999999997,-132.387133,-21.738699999999994,-130.11433399999999
20836,36.837,-184.87775,37.6932,-182.273478,60.7754,-66.902815,-23.938399999999994,-117.97493499999999,-23.0822,-115.37066300000001
20837,36.6791,-198.262569,36.542,-195.073856,53.714,-97.406268,-17.0349,-100.85630100000002,-17.171999999999997,-97.66758800000001
20838,37.5852,-221.349975,37.5901,-209.648923,59.3251,-87.285878,-21.7399,-134.064097,-21.735,-122.363045
20839,37.8422,-199.133788,38.1837,-197.961794,60.4625,-69.28680300000002,-22.6203,-129.846985,-22.278799999999997,-128.67499099999998
20840,37.0985,-207.449507,40.518100000000004,-191.051899,59.305800000000005,-71.07834400000002,-22.207300000000004,-136.371163,-18.7877,-119.97355499999998
20841,36.765100000000004,-219.493314,36.5106,-225.461445,59.8571,-66.952911,-23.092,-152.540403,-23.346500000000006,-158.508534
20842,37.4657,-194.053735,39.2709,-182.172685,61.8854,-66.26768100000001,-24.4197,-127.78605399999998,-22.6145,-115.90500399999999
20843,35.453,-184.995357,35.2167,-189.260164,59.49079999999999,-80.63663299999999,-24.03779999999999,-104.35872400000002,-24.27409999999999,-108.62353100000001
20844,38.9106,-209.257952,39.5604,-198.38423,60.4627,-69.77267400000001,-21.552099999999996,-139.485278,-20.902299999999997,-128.611556
20845,37.7192,-207.974773,36.960300000000004,-206.620886,60.749,-71.87943100000001,-23.0298,-136.095342,-23.7887,-134.741455
20846,41.0741,-210.738244,39.2308,-216.222573,62.6794,-71.70364800000002,-21.6053,-139.034596,-23.4486,-144.518925
20847,37.3743,-199.232414,37.5372,-206.651636,59.4698,-69.123087,-22.0955,-130.109327,-21.9326,-137.528549
20848,38.8371,-220.830254,39.4475,-219.245842,57.736900000000006,-80.12516299999999,-18.899800000000006,-140.705091,-18.289400000000008,-139.12067900000002
20849,37.7391,-213.939795,36.9353,-221.414344,58.4004,-77.38394400000003,-20.661299999999997,-136.55585099999996,-21.4651,-144.0304
20850,37.1661,-193.096579,39.2832,-188.344176,59.4932,-76.78143999999999,-22.3271,-116.315139,-20.21,-111.56273600000002
20851,40.558099999999996,-188.848655,39.3881,-192.945428,59.9399,-71.836107,-19.381800000000005,-117.01254800000001,-20.5518,-121.109321
20852,37.0904,-199.324011,39.623,-198.857125,60.825500000000005,-77.06573399999998,-23.735100000000003,-122.25827700000004,-21.202500000000008,-121.79139100000002
20853,38.326499999999996,-213.369296,37.9362,-210.594518,60.4376,-79.77814399999997,-22.111100000000008,-133.59115200000002,-22.501400000000004,-130.81637400000002
20854,35.056,-197.88086,36.195,-193.600925,59.4511,-66.815167,-24.3951,-131.065693,-23.256099999999996,-126.78575799999999
20855,38.5668,-184.435135,37.7413,-191.937827,59.259,-67.65238199999997,-20.6922,-116.78275300000003,-21.517699999999998,-124.28544500000002
20856,36.9101,-200.220301,37.4617,-191.86489,61.6197,-70.48902400000001,-24.709600000000002,-129.73127699999998,-24.158,-121.37586599999999
20857,39.1227,-208.800164,39.2019,-205.237404,58.5626,-76.89477799999999,-19.4399,-131.90538600000002,-19.3607,-128.342626
20858,39.264,-196.967623,39.06,-199.759785,59.05800000000001,-74.036702,-19.794000000000004,-122.930921,-19.998000000000005,-125.72308299999999
20859,37.9845,-191.246948,38.7046,-183.882397,62.0088,-70.98739899999998,-24.024300000000004,-120.25954900000002,-23.3042,-112.89499800000002
20860,40.511300000000006,-181.016963,40.311099999999996,-174.627098,62.671099999999996,-75.39617000000001,-22.15979999999999,-105.62079299999999,-22.36,-99.23092799999998
20861,38.9916,-181.082889,40.266,-178.716297,60.5254,-67.75800900000002,-21.5338,-113.32487999999998,-20.2594,-110.95828799999998
20862,35.8973,-211.859113,33.164500000000004,-228.890137,59.5989,-85.40759499999997,-23.7016,-126.45151800000004,-26.434399999999997,-143.48254200000002
20863,36.8939,-191.220222,35.28,-197.146752,60.1158,-73.129432,-23.221899999999998,-118.09079000000001,-24.8358,-124.01732
20864,40.9551,-165.223521,40.4167,-172.996069,60.102000000000004,-69.822591,-19.146900000000002,-95.40093,-19.685300000000005,-103.173478
20865,38.4538,-198.420615,38.1284,-199.017919,59.881,-79.64407999999999,-21.4272,-118.77653500000001,-21.7526,-119.37383900000002
20866,38.1972,-207.97046600000002,37.213899999999995,-222.717043,59.809,-68.52472199999998,-21.611799999999995,-139.44574400000005,-22.595100000000002,-154.192321
20867,41.153800000000004,-200.59613099999999,41.6143,-201.448357,62.849199999999996,-66.87926900000001,-21.695399999999992,-133.716862,-21.234899999999996,-134.56908799999997
20868,39.4337,-225.41474,40.0971,-218.580943,60.215,-91.55506600000001,-20.7813,-133.85967399999998,-20.117900000000006,-127.02587699999998
20869,36.2599,-214.862106,35.8101,-213.071515,59.4919,-69.22223699999999,-23.232,-145.63986900000003,-23.681800000000003,-143.84927800000003
20870,38.7627,-195.505095,38.8786,-187.747155,59.519800000000004,-68.000605,-20.7571,-127.50449000000002,-20.641200000000005,-119.74655
20871,35.771,-208.080066,36.3949,-198.938247,59.3193,-63.98257799999999,-23.548299999999998,-144.097488,-22.9244,-134.955669
20872,33.8446,-244.775646,33.486999999999995,-242.749189,57.174099999999996,-83.62058200000001,-23.329499999999996,-161.15506399999998,-23.6871,-159.128607
20873,36.9225,-178.568782,36.922399999999996,-181.810952,59.9293,-76.040073,-23.0068,-102.52870899999999,-23.0069,-105.77087899999998
20874,40.4616,-179.745029,40.3767,-178.423243,61.0818,-84.87043199999997,-20.620200000000004,-94.87459700000002,-20.7051,-93.55281100000005
20875,36.4755,-227.345347,36.199799999999996,-225.651679,60.9387,-88.987216,-24.4632,-138.35813100000001,-24.7389,-136.664463
20876,37.8697,-206.54705,37.440200000000004,-207.526875,58.9046,-79.98558200000004,-21.0349,-126.56146799999998,-21.464399999999998,-127.54129299999995
20877,39.607,-213.243241,39.9696,-214.117715,60.177499999999995,-73.23850399999999,-20.570499999999996,-140.00473700000003,-20.207899999999995,-140.879211
20878,37.4414,-211.514014,36.8638,-211.276349,60.196,-73.63011700000001,-22.754599999999996,-137.883897,-23.3322,-137.646232
20879,38.7043,-192.86873,38.271100000000004,-198.815251,59.7232,-82.09838199999999,-21.018899999999995,-110.77034800000001,-21.452099999999994,-116.716869
20880,38.5463,-203.461575,39.6838,-191.776835,61.571,-69.391081,-23.024699999999996,-134.070494,-21.8872,-122.385754
20881,37.337,-205.797238,38.4178,-201.192177,59.6693,-64.420675,-22.332299999999996,-141.37656299999998,-21.2515,-136.771502
20882,36.2258,-217.045441,36.853,-210.478956,59.184,-72.80145699999998,-22.958199999999998,-144.243984,-22.330999999999996,-137.677499
20883,33.1953,-215.250863,31.9165,-218.90983,52.072900000000004,-106.47810799999996,-18.8776,-108.77275500000005,-20.156400000000005,-112.43172200000004
20884,40.7114,-170.440229,40.0788,-174.706979,60.7913,-73.485874,-20.079900000000002,-96.95435499999999,-20.7125,-101.221105
20885,42.057,-194.642114,41.7707,-185.277468,53.1768,-97.15294099999998,-11.119799999999998,-97.48917300000001,-11.406100000000002,-88.12452700000001
20886,38.0477,-194.146419,38.2098,-200.692114,59.97839999999999,-81.726315,-21.930699999999995,-112.42010400000001,-21.768599999999992,-118.965799
20887,41.4056,-171.47096200000001,41.2234,-165.76583,62.7585,-67.04631800000003,-21.352899999999998,-104.42464399999999,-21.5351,-98.71951199999997
20888,38.8989,-206.040666,40.2691,-199.06881,59.4801,-68.500659,-20.581200000000003,-137.540007,-19.211,-130.568151
20889,35.971000000000004,-195.807085,36.7423,-193.389846,59.5767,-74.94997900000001,-23.6057,-120.85710599999999,-22.834400000000002,-118.43986699999999
20890,36.5116,-228.174701,35.2762,-233.058485,59.1605,-83.35923299999999,-22.648899999999998,-144.815468,-23.884299999999996,-149.699252
20891,38.8973,-208.566252,39.0872,-202.421024,61.3673,-65.55841099999999,-22.47,-143.00784099999998,-22.280099999999997,-136.862613
20892,38.6843,-176.330226,37.502900000000004,-184.16583,60.180099999999996,-70.92629900000001,-21.495799999999996,-105.403927,-22.677199999999992,-113.23953099999999
20893,40.0446,-214.447377,38.825,-214.397626,60.3361,-68.23863100000001,-20.2915,-146.20874599999996,-21.5111,-146.158995
20894,36.756299999999996,-203.825474,36.3285,-202.690393,58.783699999999996,-68.43745899999998,-22.0274,-135.38801500000005,-22.455199999999998,-134.25293400000004
20895,38.8021,-187.025474,41.0852,-177.222488,58.441900000000004,-77.170806,-19.6398,-109.854668,-17.356700000000004,-100.051682
20896,40.8211,-204.829974,41.2188,-202.20676,59.0088,-78.650952,-18.1877,-126.17902199999999,-17.79,-123.555808
20897,40.2504,-190.655156,38.952799999999996,-198.879821,59.7006,-78.252925,-19.450200000000002,-112.402231,-20.747800000000005,-120.62689599999999
20898,41.1542,-163.250651,40.6933,-174.043286,59.851,-70.20996699999998,-18.696799999999996,-93.04068400000003,-19.1577,-103.83331900000002
20899,37.4642,-206.125899,37.3799,-201.49923,62.353699999999996,-67.75461000000003,-24.889499999999998,-138.371289,-24.973799999999997,-133.74462
20900,37.9513,-221.204404,37.8047,-220.03831,60.18770000000001,-70.53302699999999,-22.236400000000003,-150.671377,-22.38300000000001,-149.50528300000002
20901,37.0018,-221.491192,36.5676,-225.172061,59.4559,-89.60572599999996,-22.454099999999997,-131.88546600000006,-22.8883,-135.56633500000004
20902,36.835300000000004,-214.041566,36.962,-215.258556,59.10509999999999,-84.331119,-22.26979999999999,-129.710447,-22.14309999999999,-130.927437
20903,36.8615,-184.201928,36.3794,-189.780062,60.1391,-76.37180000000001,-23.2776,-107.830128,-23.759700000000002,-113.40826199999998
20904,37.681799999999996,-204.112193,37.6356,-204.297197,64.00829999999999,-67.63479899999999,-26.326499999999996,-136.477394,-26.372699999999995,-136.66239800000002
20905,38.8225,-199.929936,40.7428,-193.238638,61.5937,-65.450081,-22.7712,-134.479855,-20.850899999999996,-127.78855700000001
20906,39.022999999999996,-177.80571,38.0669,-181.902578,60.754999999999995,-73.493812,-21.732,-104.311898,-22.6881,-108.408766
20907,36.2791,-237.432571,36.934200000000004,-233.168111,60.599199999999996,-73.57442800000001,-24.320099999999996,-163.85814299999998,-23.664999999999992,-159.593683
20908,40.436099999999996,-215.040038,40.2958,-214.094932,58.2229,-77.631305,-17.786800000000007,-137.408733,-17.927100000000003,-136.463627
20909,35.518100000000004,-210.106987,37.1174,-197.818271,60.1178,-84.52892199999997,-24.5997,-125.57806500000004,-23.0004,-113.28934900000004
20910,39.3908,-206.47715,38.9514,-209.910314,60.967,-65.90763700000002,-21.5762,-140.56951299999997,-22.0156,-144.00267699999998
20911,35.2637,-228.73837699999999,35.5236,-222.844618,57.2365,-85.718684,-21.9728,-143.019693,-21.712899999999998,-137.125934
20912,38.4208,-223.98091,37.5702,-230.03599,62.8712,-82.032485,-24.450400000000002,-141.948425,-25.301000000000002,-148.00350500000002
20913,39.3936,-182.316722,40.1224,-185.279428,58.914,-80.63326800000002,-19.520400000000002,-101.68345399999998,-18.791600000000003,-104.64615999999998
20914,37.4163,-190.711217,38.811099999999996,-182.373491,60.8086,-63.737110999999985,-23.3923,-126.97410600000002,-21.997500000000002,-118.63638000000002
20915,36.8564,-209.444713,39.4554,-198.491156,61.1419,-69.65296299999997,-24.2855,-139.79175000000004,-21.686500000000002,-128.83819300000002
20916,38.0648,-181.45854,37.893,-184.449651,60.6162,-71.58135799999998,-22.5514,-109.87718200000002,-22.7232,-112.86829300000001
20917,40.9936,-187.617754,40.4639,-193.030495,62.2957,-67.44245999999998,-21.302099999999996,-120.17529400000001,-21.831799999999994,-125.58803500000002
20918,34.0611,-215.29238,34.3115,-212.391382,60.2166,-74.160061,-26.155499999999996,-141.132319,-25.905099999999997,-138.23132099999998
20919,39.6665,-190.640636,39.6193,-187.072699,61.1571,-65.206875,-21.4906,-125.433761,-21.537799999999997,-121.865824
20920,41.4832,-196.15209000000002,41.2278,-196.226785,60.6974,-64.90553899999999,-19.214200000000005,-131.246551,-19.4696,-131.32124600000003
20921,40.7147,-175.747105,38.9142,-171.299736,61.569500000000005,-65.32477200000001,-20.854800000000004,-110.422333,-22.655300000000004,-105.97496399999999
20922,38.6528,-181.522521,40.0887,-178.699275,59.320800000000006,-69.975803,-20.668000000000006,-111.54671800000001,-19.232100000000003,-108.723472
20923,34.8339,-199.977237,35.3558,-199.591609,58.868700000000004,-73.27390900000002,-24.034800000000004,-126.70332799999998,-23.512900000000002,-126.31769999999999
20924,39.6511,-204.44477,39.3804,-202.480636,56.884600000000006,-90.03220300000001,-17.233500000000006,-114.412567,-17.504200000000004,-112.448433
20925,40.4105,-178.921483,41.2281,-172.19969700000001,61.858000000000004,-73.37180999999997,-21.447500000000005,-105.54967300000003,-20.629900000000006,-98.82788700000005
20926,38.4232,-223.03095,41.1392,-204.843795,59.6351,-79.078793,-21.2119,-143.952157,-18.4959,-125.765002
20927,37.8407,-186.840361,38.7504,-184.08129,60.1558,-81.944914,-22.3151,-104.895447,-21.4054,-102.136376
20928,38.7709,-185.571149,38.7724,-175.141459,60.3155,-82.21894499999999,-21.544600000000003,-103.352204,-21.543100000000003,-92.922514
20929,39.3414,-182.76657600000001,38.9158,-177.751006,61.1963,-68.08703100000001,-21.8549,-114.679545,-22.280500000000004,-109.66397499999998
20930,39.4892,-213.875744,35.5074,-223.846035,60.6353,-94.17074599999998,-21.146100000000004,-119.70499800000002,-25.127900000000004,-129.67528900000002
20931,40.6836,-200.532473,40.2449,-202.459303,61.2234,-68.44015499999999,-20.5398,-132.09231800000003,-20.978499999999997,-134.01914800000003
20932,39.7527,-175.326253,40.0941,-178.470026,61.9924,-64.061169,-22.239700000000006,-111.265084,-21.898300000000006,-114.40885699999998
20933,38.3371,-211.242573,38.0267,-210.551958,63.1413,-67.93634500000002,-24.8042,-143.30622799999998,-25.114600000000003,-142.615613
20934,38.1615,-189.176891,40.459500000000006,-184.160204,60.361999999999995,-67.352537,-22.200499999999998,-121.82435400000001,-19.90249999999999,-116.807667
20935,39.0571,-188.55928600000001,37.1958,-190.046612,61.316,-74.31873099999999,-22.258900000000004,-114.24055500000003,-24.120200000000004,-115.72788100000002
20936,38.4339,-198.770516,37.8481,-202.395897,60.2962,-64.33892799999998,-21.862299999999998,-134.431588,-22.448099999999997,-138.056969
20937,39.1858,-206.402076,38.914699999999996,-213.105938,54.4653,-94.09728499999999,-15.279499999999999,-112.30479100000001,-15.550600000000003,-119.00865300000002
20938,40.897,-179.274,40.8769,-172.727065,62.8208,-68.77549900000001,-21.9238,-110.49850099999999,-21.9439,-103.951566
20939,38.4557,-181.211609,38.194,-184.444378,61.998999999999995,-72.436577,-23.543299999999995,-108.77503200000001,-23.804999999999993,-112.007801
20940,39.730900000000005,-192.221978,38.4612,-194.937569,58.2089,-85.20662599999996,-18.477999999999994,-107.01535200000005,-19.747700000000002,-109.73094300000004
20941,36.3209,-233.67166,37.2158,-226.799579,58.9636,-67.72143999999999,-22.642699999999998,-165.95022,-21.747799999999998,-159.07813900000002
20942,38.6101,-179.193771,37.6644,-181.700098,59.1044,-67.85000400000001,-20.494299999999996,-111.34376699999999,-21.439999999999998,-113.85009399999998
20943,38.3971,-190.198113,39.3003,-177.291266,60.5677,-73.18133300000002,-22.1706,-117.01677999999998,-21.267400000000002,-104.10993299999998
20944,38.4707,-180.52063,38.0315,-194.209698,59.306700000000006,-82.38343899999998,-20.836000000000006,-98.13719100000003,-21.275200000000005,-111.82625900000002
20945,41.8691,-194.246467,40.121700000000004,-194.028519,56.6593,-85.265644,-14.790199999999999,-108.980823,-16.537599999999998,-108.762875
20946,39.9116,-187.924148,39.1633,-188.253872,59.829499999999996,-86.66908999999997,-19.917899999999996,-101.25505800000003,-20.666199999999996,-101.58478200000003
20947,36.7707,-208.649363,36.9353,-209.746066,60.719,-66.27800300000001,-23.948300000000003,-142.37135999999998,-23.783700000000003,-143.468063
20948,38.703,-196.949315,38.5616,-191.114267,59.1747,-69.46759000000002,-20.4717,-127.481725,-20.613100000000003,-121.646677
20949,37.4867,-221.131649,37.046,-217.872032,58.0083,-105.23259599999997,-20.5216,-115.89905300000004,-20.9623,-112.63943600000002
20950,37.7469,-194.914429,37.2358,-199.963985,59.4469,-72.77386999999999,-21.700000000000003,-122.14055900000002,-22.211100000000002,-127.19011500000002
20951,37.198499999999996,-171.631248,36.736000000000004,-172.145368,63.2916,-63.11018399999999,-26.093100000000007,-108.52106400000001,-26.5556,-109.035184
20952,32.3518,-239.142038,32.0473,-244.516421,59.6232,-69.644953,-27.2714,-169.49708500000003,-27.575899999999997,-174.871468
20953,36.4306,-197.35853,36.9339,-194.132322,55.0773,-97.335695,-18.646700000000003,-100.022835,-18.1434,-96.79662699999999
20954,36.440599999999996,-206.221712,36.6456,-206.568282,57.6359,-86.14896600000003,-21.195300000000003,-120.07274599999997,-20.990299999999998,-120.41931599999998
20955,36.9664,-195.502837,36.7868,-195.639512,60.769999999999996,-61.696692,-23.803599999999996,-133.80614500000001,-23.983199999999997,-133.94281999999998
20956,33.6027,-193.903887,35.537,-187.643016,61.0573,-65.35943099999997,-27.4546,-128.54445600000003,-25.5203,-122.28358500000002
20957,37.9667,-186.929861,37.5749,-193.328104,59.0565,-72.81249199999998,-21.089799999999997,-114.11736900000001,-21.4816,-120.51561200000002
20958,38.5542,-182.36727,39.1327,-185.535571,61.278000000000006,-65.25037200000001,-22.723800000000004,-117.11689799999998,-22.145300000000006,-120.28519899999999
20959,37.4084,-188.947043,35.75,-201.775603,59.8169,-75.09074999999999,-22.408499999999997,-113.85629300000002,-24.066899999999997,-126.684853
20960,37.036,-210.877502,37.174,-203.72061399999998,59.8985,-71.84256599999999,-22.862499999999997,-139.03493600000002,-22.7245,-131.87804799999998
20961,37.6686,-220.31500499999999,37.6558,-223.124794,60.5868,-77.08056499999998,-22.9182,-143.23444,-22.930999999999997,-146.04422900000003
20962,37.8719,-188.791011,37.5897,-190.056093,62.0071,-62.102786000000016,-24.135200000000005,-126.68822499999999,-24.4174,-127.953307
20963,35.9358,-225.234505,36.783500000000004,-216.421018,59.7449,-80.245176,-23.8091,-144.989329,-22.961399999999998,-136.175842
20964,38.4241,-192.873023,38.8748,-182.843206,59.8965,-74.79364099999998,-21.4724,-118.07938200000001,-21.021700000000003,-108.04956500000003
20965,37.6706,-183.575552,37.7208,-172.07896,63.791799999999995,-70.253581,-26.121199999999995,-113.32197099999999,-26.070999999999998,-101.825379
20966,35.6494,-207.286527,35.6363,-208.544,60.122099999999996,-66.508345,-24.472699999999996,-140.77818200000002,-24.485799999999998,-142.03565500000002
20967,41.129599999999996,-204.776677,41.030100000000004,-208.065569,57.0858,-83.713189,-15.956200000000003,-121.063488,-16.055699999999995,-124.35238000000001
20968,37.2633,-206.877128,37.1888,-209.880305,58.955799999999996,-77.309066,-21.692499999999995,-129.568062,-21.766999999999996,-132.571239
20969,37.9092,-191.251585,37.5101,-193.663625,60.9815,-84.79603200000001,-23.0723,-106.455553,-23.471399999999996,-108.86759299999999
20970,40.2763,-213.944254,38.6897,-225.026909,60.7913,-69.003694,-20.515,-144.94056,-22.101599999999998,-156.023215
20971,37.2695,-189.50116,37.4456,-187.305658,59.320800000000006,-89.43807299999996,-22.051300000000005,-100.06308700000004,-21.875200000000007,-97.86758500000003
20972,39.4531,-210.572782,39.8465,-211.0945,61.742900000000006,-65.89370000000002,-22.289800000000007,-144.67908199999997,-21.896400000000007,-145.2008
20973,35.4844,-192.499702,35.7368,-193.159236,57.9345,-92.84780000000002,-22.4501,-99.65190199999999,-22.197699999999998,-100.31143599999997
20974,35.430099999999996,-226.987129,35.0117,-230.137493,59.6103,-72.587354,-24.180200000000006,-154.399775,-24.598600000000005,-157.550139
20975,36.717200000000005,-203.008247,37.5164,-197.088633,58.662,-70.762481,-21.944799999999994,-132.245766,-21.1456,-126.326152
20976,38.1928,-213.684907,38.1168,-212.678476,61.284800000000004,-84.19434000000001,-23.092000000000006,-129.490567,-23.168000000000006,-128.48413599999998
20977,36.792500000000004,-233.271194,37.8876,-229.11212,60.7602,-69.04268300000004,-23.967699999999994,-164.22851099999997,-22.8726,-160.06943699999997
20978,38.3361,-189.277887,38.0919,-192.057294,59.1205,-77.05885200000002,-20.784399999999998,-112.21903499999998,-21.028599999999997,-114.998442
20979,39.1495,-196.663021,39.5974,-193.868601,60.141,-71.80070300000004,-20.991499999999995,-124.86231799999995,-20.543599999999998,-122.06789799999997
20980,38.0895,-209.734227,39.1128,-207.344217,60.7529,-68.21283799999999,-22.663399999999996,-141.521389,-21.640099999999997,-139.13137899999998
20981,39.718,-209.566756,38.9262,-212.60055499999999,61.4525,-84.110887,-21.734499999999997,-125.45586899999999,-22.5263,-128.489668
20982,38.9099,-192.106764,38.2551,-196.077713,62.13549999999999,-66.93043399999999,-23.225599999999993,-125.17633000000001,-23.880399999999995,-129.147279
20983,35.659800000000004,-192.188614,36.0278,-193.565086,59.3262,-68.341862,-23.666399999999996,-123.846752,-23.2984,-125.223224
20984,36.9674,-198.607382,36.9881,-192.282648,58.0393,-84.87615100000001,-21.0719,-113.731231,-21.051199999999994,-107.40649699999999
20985,32.1758,-240.457171,32.1941,-239.287134,60.932100000000005,-61.653333999999994,-28.756300000000003,-178.803837,-28.738000000000007,-177.6338
20986,40.1491,-202.157307,42.0576,-193.197939,61.1063,-67.69587600000001,-20.9572,-134.461431,-19.048699999999997,-125.50206299999998
20987,37.701499999999996,-181.680685,36.6071,-189.380375,61.3681,-76.446689,-23.666600000000003,-105.233996,-24.760999999999996,-112.93368599999998
20988,37.928799999999995,-214.405488,38.094,-205.77459,58.9018,-69.84932200000002,-20.973000000000006,-144.55616599999996,-20.8078,-135.92526799999996
20989,41.2568,-188.567862,41.4971,-188.566016,58.9362,-78.95402000000003,-17.6794,-109.61384199999996,-17.439099999999996,-109.61199599999996
20990,37.2643,-194.45595,38.5395,-183.969682,61.1481,-61.870828,-23.8838,-132.585122,-22.608600000000003,-122.098854
20991,37.4322,-199.963728,36.602000000000004,-206.523827,57.6376,-87.22301999999999,-20.205399999999997,-112.74070800000001,-21.035599999999995,-119.30080700000002
20992,36.703,-209.864141,37.535399999999996,-210.578538,60.577200000000005,-75.29285400000005,-23.874200000000002,-134.57128699999993,-23.04180000000001,-135.28568399999995
20993,40.375699999999995,-203.485265,40.5182,-203.05698,61.8889,-68.933146,-21.513200000000005,-134.552119,-21.3707,-134.12383400000002
20994,41.0105,-211.632378,41.1212,-209.891774,59.8463,-75.64735099999999,-18.8358,-135.985027,-18.725099999999998,-134.244423
20995,37.2834,-212.779556,38.4451,-207.327944,60.7691,-64.93526499999999,-23.4857,-147.84429100000003,-22.324000000000005,-142.39267900000002
20996,39.9409,-203.544882,39.795,-205.820762,60.5859,-67.89788800000001,-20.645000000000003,-135.646994,-20.7909,-137.92287399999998
20997,39.365,-190.678318,37.8267,-192.92397,61.8426,-73.215421,-22.477599999999995,-117.46289699999998,-24.015899999999995,-119.70854899999999
20998,38.1612,-189.584641,37.041799999999995,-197.642638,62.1062,-74.35428399999999,-23.945,-115.23035700000001,-25.064400000000006,-123.28835400000001
20999,38.3237,-180.355284,38.0789,-183.837643,59.800700000000006,-81.26882699999999,-21.477000000000004,-99.08645700000002,-21.72180000000001,-102.56881600000003
21000,38.3338,-211.778257,37.7086,-215.938596,60.619600000000005,-64.07720300000001,-22.28580000000001,-147.701054,-22.91100000000001,-151.86139299999996
